probename,snp1,snp2,nclass9,minclass5,LD01,nsnpspass,nsnps,filter,pnest_egcut,pnest_fehr,gene,chr1,chr2,pos1,pos2,probechr,lambda,,,,,,,,,,,,,,
ILMN_2258774,rs6564769,rs2863095,340296,140151,511299,89590,511299,1,NA,0.260727473,MRPL43,16,10,445767,322691,10,0.54,,,,,,,,,,,,,,
ILMN_1658247,rs13311,rs2072133,355171,148421,503064,109976,503064,2,0.809686637,4.124890089,OAS1,12,12,376147,376135,12,0.73,,,,,,,,,,,,,,
ILMN_2207363,rs1075728,rs7951628,430652,324851,501687,311459,501687,2,0.837301262,0.283608546,RABAC1,19,11,483934,351459,19,0.77,,,,,,,,,,,,,,
ILMN_1800540,rs750801,rs6700168,388183,227001,501044,200289,501044,2,0.034864816,0.083977953,CD55,11,1,342698,31523,1,0.79,,,,,,,,,,,,,,
ILMN_1741881,rs10122902,rs2526698,307538,87556,486110,35217,486110,2,0.012443659,0.962389799,C9ORF72,9,1,285448,38729,9,0.81,,,,,,,,,,,,,,
ILMN_1662617,rs12914603,rs11156875,322031,115549,510882,58475,510882,1,0.41739526,0.119841414,PPP2R3C,15,14,424386,403989,14,0.82,,,,,,,,,,,,,,
ILMN_1700238,rs4823723,rs2290560,425940,285774,518378,267636,518378,2,0.268332373,0.669422545,ZNF500,22,16,514583,434094,16,0.83,,,,,,,,,,,,,,
ILMN_1804854,rs924943,rs176382,404420,244463,511298,221473,511298,1,0.414129829,0.019459473,CTNNA1,18,5,475929,174864,5,0.85,,,,,,,,,,,,,,
ILMN_2356111,rs1912136,rs6771703,420963,295454,501288,280746,501288,1,0.81697528,1.10096,SLC41A3,11,3,335430,105902,3,0.85,,,,,,,,,,,,,,
ILMN_1718621,rs10838738,rs12800998,409276,262353,502993,243727,502993,2,NA,NA,TSPAN32,11,11,339532,330000,11,0.86,,,,,,,,,,,,,,
ILMN_1811104,rs4349034,rs727905,357945,177963,506796,134598,506796,1,0.799179565,0.08260959,KTELC1,13,3,393708,104738,3,0.86,,,,,,,,,,,,,,
ILMN_1811104,rs6815953,rs6414283,349324,173534,494650,131389,494650,1,0.079950368,0.641916994,KTELC1,4,3,149015,104753,3,0.86,,,,,,,,,,,,,,
ILMN_1787808,rs3825569,rs13079012,394412,238110,509654,211316,509654,1,0.102960348,0.225388427,CEP63,14,3,417060,107409,3,0.87,,,,,,,,,,,,,,
ILMN_1702787,rs17085428,rs7695,415003,298238,494488,283438,494488,2,1.732459142,0.215823168,SEMA4A,5,1,167240,22264,1,0.88,,,,,,,,,,,,,,
ILMN_1675640,rs2892233,rs3741981,437774,319352,517789,304575,517789,2,0.458220306,0.873933071,OAS1,19,12,484866,376125,12,0.89,,,,,,,,,,,,,,
ILMN_1789419,rs187076,rs12188164,422662,306312,499824,292140,499824,1,0.188496972,0.743553991,EXOC3,10,5,313387,150867,5,0.89,,,,,,,,,,,,,,
ILMN_1764721,rs4143674,rs2958482,439427,325652,514511,312029,514511,2,0.445451314,0.134636495,RPL8,20,8,488246,277171,8,0.91,,,,,,,,,,,,,,
ILMN_1764721,rs2958482,rs1619856,416616,308911,487479,296093,487479,2,0.367009007,0.095211586,RPL8,8,1,277171,36853,8,0.92,,,,,,,,,,,,,,
ILMN_1768867,rs6453374,rs4684443,400789,262253,490561,244606,490561,1,NA,0.045539388,AP3B1,5,3,164413,84574,5,0.92,,,,,,,,,,,,,,
ILMN_2189933,rs3007033,rs17495030,370094,187930,501642,153956,501642,1,0.060007118,0.091236113,RPL36AL,14,9,406437,301787,14,0.92,,,,,,,,,,,,,,
ILMN_1713603,rs2188355,rs10492793,421755,282921,512972,265220,512972,2,0.108708416,0.533473708,PRKCB1,16,16,438163,436508,16,0.93,,,,,,,,,,,,,,
ILMN_1781457,rs2823245,rs1320993,351020,153430,518621,107074,518621,2,0.400614374,0.069992158,TIPRL,21,1,500419,24921,1,0.93,,,,,,,,,,,,,,
ILMN_1804663,rs1939875,rs4072037,425532,310962,501446,297446,501446,1,0.149456762,0.026113109,THBS3,11,1,346456,22201,1,0.93,,,,,,,,,,,,,,
ILMN_2290118,rs13039689,rs966396,403166,238708,513559,213638,513559,2,1.334937891,1.129273322,MEGF9,20,9,497351,298990,9,0.93,,,,,,,,,,,,,,
ILMN_1688318,rs845787,rs2660665,423894,308642,498173,294934,498174,2,0.08277361,0.053502942,MGC72104,20,8,493413,275357,20,0.94,,,,,,,,,,,,,,
ILMN_1697227,rs2279308,rs7225546,428423,294135,515007,278290,515007,1,0.140664192,0.027068497,USP36,17,17,461634,461214,17,0.94,,,,,,,,,,,,,,
ILMN_1745778,rs6985508,rs7701916,415201,292693,494185,278058,494185,1,0.069810054,0.861837498,SLC45A4,8,5,276627,182164,8,0.94,,,,,,,,,,,,,,
ILMN_2189936,rs4900928,rs1502991,375451,209273,490857,181843,490857,1,0.195719202,0.324476867,RPL36AL,14,6,406432,198507,14,0.94,,,,,,,,,,,,,,
ILMN_2370573,rs1533031,rs12591171,431158,314439,510661,299980,510661,1,0.173485726,2.382627509,XAF1,17,15,450341,430903,17,0.94,,,,,,,,,,,,,,
ILMN_1674609,rs17129799,rs6863172,427891,319348,500989,306106,500989,1,0.266889255,NA,CLTB,11,5,346786,182372,5,0.95,,,,,,,,,,,,,,
ILMN_1776188,rs974607,rs6060034,347986,130877,519840,80976,519840,1,NA,1.179227194,MAP1LC3A,21,20,503236,493800,20,0.96,,,,,,,,,,,,,,
ILMN_1797001,rs4937097,rs7042042,410731,274928,501038,257353,501038,2,0.28757649,0.613428114,DDX58,11,9,352746,286538,9,0.96,,,,,,,,,,,,,,
ILMN_1669484,rs12362253,rs11715581,417006,280765,501978,265029,501978,2,1.42798564,1.640332793,WDR6,11,3,352138,93233,3,0.97,,,,,,,,,,,,,,
ILMN_1675656,rs911019,rs4758001,372791,179821,512639,142724,512639,2,0.327323824,0.292461301,PPFIBP2,20,11,496813,331483,11,0.97,,,,,,,,,,,,,,
ILMN_1683792,rs7042087,rs7658240,425906,312302,501432,298002,501432,1,0.471256756,0.244737345,LAP3,9,4,300471,122431,4,0.97,,,,,,,,,,,,,,
ILMN_1751956,rs740441,rs4147592,436308,323088,512712,309327,512712,1,0.273110208,0.568425386,MGST3,17,1,457838,24289,1,0.98,,,,,,,,,,,,,,
ILMN_1780533,rs11628398,rs7324365,407834,258267,507001,237743,507001,1,0.210093161,0.417869095,RNASE6,14,13,400746,396928,14,0.98,,,,,,,,,,,,,,
ILMN_1780533,rs6603134,rs11628398,416348,263681,518045,242677,518045,2,0.219381541,0.09349778,RNASE6,19,14,479392,400746,14,0.98,,,,,,,,,,,,,,
ILMN_1789176,rs3862607,rs13207114,426873,315123,501649,300983,501649,1,0.438142171,NA,PSMB1,11,6,351790,219035,6,0.98,,,,,,,,,,,,,,
ILMN_1789176,rs6060930,rs9295415,437154,322517,514064,307964,514064,2,0.210446242,0.439959114,PSMB1,20,6,493463,219027,6,0.98,,,,,,,,,,,,,,
ILMN_1789176,rs7299749,rs13207114,427244,315664,501720,301555,501720,1,0.315757482,1.179148529,PSMB1,12,6,380232,219035,6,0.98,,,,,,,,,,,,,,
ILMN_2097790,rs2279474,rs2460002,417809,273426,511615,254946,511615,1,0.033571845,NA,C1ORF86,18,1,470940,87,1,0.98,,,,,,,,,,,,,,
ILMN_2097790,rs7188668,rs2460002,417764,273354,511726,254867,511726,1,0.500027931,0.294301383,C1ORF86,16,1,438557,87,1,0.98,,,,,,,,,,,,,,
ILMN_1789176,rs4890648,rs6928843,435246,321347,511523,306918,511523,2,0.258441263,0.001500908,PSMB1,18,6,470385,219038,6,0.99,,,,,,,,,,,,,,
ILMN_1789176,rs6928843,rs2769689,414579,306302,487053,292579,487053,2,0.635305544,1.954586312,PSMB1,6,1,219038,34929,6,0.99,,,,,,,,,,,,,,
ILMN_1804663,rs8014956,rs2049805,433219,318845,509718,305174,509718,1,0.755223224,0.308792124,THBS3,14,1,400593,22202,1,0.99,,,,,,,,,,,,,,
ILMN_3239426,rs7198646,rs7960552,426199,295321,511286,279452,511286,1,NA,NA,GPN3,16,12,438694,375917,12,0.99,,,,,,,,,,,,,,
ILMN_1757467,rs139898,rs4853333,406563,292545,483841,277965,483841,2,0.660205013,0.523783799,H1F0,22,2,512474,56302,22,1.01,,,,,,,,,,,,,,
ILMN_1757467,rs139898,rs6497007,429468,308705,510992,293311,510992,2,0.306367413,0.268124437,H1F0,22,15,512474,429202,22,1.01,,,,,,,,,,,,,,
ILMN_1757467,rs139898,rs9983949,436141,313557,518864,297892,518864,2,0.478665041,0.245314488,H1F0,22,21,512474,500946,22,1.01,,,,,,,,,,,,,,
ILMN_1800197,rs17469061,rs750495,423887,307750,499469,293490,499469,1,0.175074305,0.335868501,MRPL36,10,5,304818,151097,5,1.01,,,,,,,,,,,,,,
ILMN_1694711,rs7983718,rs1096699,415796,272566,506477,255080,506477,2,1.111463122,0.626280555,MAD2L1BP,13,6,397610,195310,6,1.01,,,,,,,,,,,,,,
ILMN_2381758,rs10230232,rs1553985,418894,295215,498170,280674,498170,2,0.372793131,0.081803249,G3BP2,7,4,226369,131563,4,1.01,,,,,,,,,,,,,,
ILMN_2381899,rs7192613,rs17512962,393436,227869,510264,199834,510264,1,0.055282007,0.418622206,OPTN,16,10,443939,306071,10,1.01,,,,,,,,,,,,,,
ILMN_1771801,rs1535883,rs6842739,408263,274098,494622,257798,494622,1,0.179328604,0.294012918,SIRPG,20,4,487436,129311,20,1.01,,,,,,,,,,,,,,
ILMN_2401641,rs3760489,rs11720112,416666,308494,491483,294560,491483,1,1.3689449,0.328849305,ALDH3A2,17,3,453019,112318,17,1.01,,,,,,,,,,,,,,
ILMN_1665982,rs2896940,rs13332406,436568,322992,512972,309327,512972,1,0.987660161,0.1609923,AKTIP,16,16,441440,440379,16,1.01,,,,,,,,,,,,,,
ILMN_1677814,rs9455,rs4732202,403951,260944,498081,241924,498081,1,1.808298198,0.021004295,ABCC3,17,7,456438,243498,17,1.01,,,,,,,,,,,,,,
ILMN_2338197,rs11247226,rs1278387,419655,298715,499526,284450,499526,1,0.126194991,NA,LINS1,15,10,432952,327568,15,1.01,,,,,,,,,,,,,,
ILMN_3309349,rs1105621,rs705837,421074,296704,501907,281841,501907,1,NA,NA,SNHG8,9,4,300577,138496,4,1.01,,,,,,,,,,,,,,
ILMN_1682727,rs757355,rs849341,411883,274950,500629,257776,500629,1,0.264571376,0.016174632,JAZF1,12,7,364701,225998,7,1.01,,,,,,,,,,,,,,
ILMN_1761797,rs9979356,rs3761385,418522,263926,520789,242744,520789,2,16.71755776,25.19908331,CSTB,21,21,507121,507116,21,1.01,,,,,,,,,,,,,,
ILMN_2123450,rs17112712,rs6906101,425930,300646,508304,285395,508304,1,0.056989136,0.3857091,FLJ43093,14,6,417759,193757,6,1.01,,,,,,,,,,,,,,
ILMN_2123450,rs6906101,rs13214069,413156,291837,492704,277218,492704,1,0.639482677,0.004784705,FLJ43093,6,6,193757,192667,6,1.01,,,,,,,,,,,,,,
ILMN_2196550,rs2110603,rs674754,416211,268891,510893,250343,510893,2,0.277823517,0.279857406,C13ORF18,16,13,434528,386796,13,1.01,,,,,,,,,,,,,,
ILMN_1671568,rs4234091,rs11206043,405395,283503,484136,268804,484136,1,0.354303727,0.216598723,ECHDC2,2,1,82738,8498,1,1.01,,,,,,,,,,,,,,
ILMN_1752988,rs2568061,rs6553184,419524,308095,493674,294316,493674,1,0.041080437,1.152277795,C11ORF17,11,4,331835,150483,11,1.01,,,,,,,,,,,,,,
ILMN_1775380,rs8118315,rs11677815,402437,279318,483274,264184,483274,1,0.622241976,0.390737105,SMOX,20,2,488070,53895,20,1.01,,,,,,,,,,,,,,
ILMN_2196550,rs674754,rs6857876,402795,260298,494346,242399,494346,2,0.496138252,0.383093185,C13ORF18,13,4,386796,143587,13,1.01,,,,,,,,,,,,,,
ILMN_3266186,rs2109029,rs4760636,376248,186401,511334,152188,511334,1,NA,NA,HDAC7,16,12,434397,364739,12,1.01,,,,,,,,,,,,,,
ILMN_1651886,rs7108734,rs12784396,427787,319167,501291,305496,501291,1,0.005908692,0.210610135,CWF19L1,11,10,332425,322555,10,1.01,,,,,,,,,,,,,,
ILMN_1671568,rs5992637,rs11206043,434862,303909,519219,288145,519219,1,0.157439175,0.64247663,ECHDC2,22,1,507878,8498,1,1.01,,,,,,,,,,,,,,
ILMN_2128428,rs7778910,rs835223,421426,306755,498003,292901,498003,1,0.408853495,0.479593167,DAB2,7,5,239480,158576,5,1.01,,,,,,,,,,,,,,
ILMN_2336133,rs2836657,rs3785354,421549,268609,519561,249464,519561,1,NA,NA,SULT1A4,21,16,505458,439157,16,1.01,,,,,,,,,,,,,,
ILMN_2389970,rs12800998,rs620607,399961,256670,490948,238513,490948,1,NA,NA,TSPAN32,11,6,330000,211475,11,1.01,,,,,,,,,,,,,,
ILMN_1663664,rs10955512,rs722269,411917,279921,496990,263908,496990,1,0.70221268,0.461278502,MRPS10,8,6,269858,195122,6,1.01,,,,,,,,,,,,,,
ILMN_1760727,rs9322855,rs4866516,421871,311243,494514,297868,494514,1,0.201964735,0.01901543,ANG,14,5,400735,151459,14,1.01,,,,,,,,,,,,,,
ILMN_1809040,rs1552032,rs6687605,438382,326164,511350,312266,511350,1,NA,NA,LDLRAP1,15,1,424760,4697,1,1.01,,,,,,,,,,,,,,
ILMN_2309848,rs17398183,rs2285515,432332,303858,513900,288704,513900,1,0.478579041,0.029033963,FXYD5,20,19,498236,483034,19,1.01,,,,,,,,,,,,,,
ILMN_2336133,rs1463965,rs3785354,415154,264646,511633,245759,511633,1,0.048440635,0.005686463,SULT1A4,18,16,477171,439157,16,1.01,,,,,,,,,,,,,,
ILMN_3297880,rs4889214,rs696221,438070,331053,510484,317208,510484,1,NA,NA,SEC13,16,3,445841,86023,3,1.01,,,,,,,,,,,,,,
ILMN_1660232,rs10444467,rs4329748,432434,328716,503064,315011,503064,1,0.706037431,0.085807285,PEX5,12,12,379041,356963,12,1.01,,,,,,,,,,,,,,
ILMN_1668063,rs12580388,rs10120023,418120,286647,501349,270994,501349,1,0.3024255,0.274050115,FCN1,12,9,379478,301703,9,1.01,,,,,,,,,,,,,,
ILMN_1690982,rs5760102,rs2378341,412715,296593,490452,281959,490452,1,0.249545023,0.638227242,DDT,22,3,509146,116771,22,1.01,,,,,,,,,,,,,,
ILMN_1719986,rs4141404,rs2065841,371070,226749,485985,198446,485985,1,0.006845418,0.204642781,PIK3IP1,22,1,510783,10305,22,1.01,,,,,,,,,,,,,,
ILMN_1730928,rs9905940,rs11655031,438016,317394,515007,303448,515007,1,0.070251292,0.950739857,CDK5R1,17,17,456076,453742,17,1.01,,,,,,,,,,,,,,
ILMN_1756999,rs9931702,rs1863464,433925,319848,510805,306132,510805,1,0.31162802,0.031708732,RBL2,16,15,440381,418552,16,1.01,,,,,,,,,,,,,,
ILMN_1774901,rs3809624,rs2197465,412776,259689,510321,240244,510321,1,0.349182759,0.378020178,GDPD3,16,14,439234,406186,16,1.01,,,,,,,,,,,,,,
ILMN_1778032,rs6099626,rs3118663,436919,324161,513419,310302,513419,1,0.155694917,0.257870806,SURF6,20,9,498352,301291,9,1.01,,,,,,,,,,,,,,
ILMN_2115005,rs4803848,rs831486,437601,316473,516717,301879,516717,1,0.25284736,0.118856137,FGD2,19,6,484378,193886,6,1.01,,,,,,,,,,,,,,
ILMN_2309848,rs2285515,rs11739594,416060,292387,494554,277821,494554,1,0.166966764,0.073243601,FXYD5,19,5,483034,175315,19,1.01,,,,,,,,,,,,,,
ILMN_2309848,rs2285515,rs13067700,412827,290107,491129,275593,491129,1,0.507141711,0.088153912,FXYD5,19,3,483034,100782,19,1.01,,,,,,,,,,,,,,
ILMN_2309848,rs2285515,rs17036504,407217,286239,484243,271945,484243,1,NA,0.28494675,FXYD5,19,2,483034,50183,19,1.01,,,,,,,,,,,,,,
ILMN_1656378,rs10906857,rs12490878,418379,314668,489831,301252,489831,1,0.344190697,0.416166256,NMT2,10,3,306777,115816,10,1.01,,,,,,,,,,,,,,
ILMN_1660232,rs7495797,rs4329748,438497,333055,510556,319138,510556,1,0.0899754,0.336431787,PEX5,15,12,418616,356963,12,1.01,,,,,,,,,,,,,,
ILMN_1706553,rs8035259,rs10911353,419355,281020,511264,263034,511264,1,0.085063875,0.165933537,SMG7,15,1,432019,27530,1,1.01,,,,,,,,,,,,,,
ILMN_1713380,rs6567288,rs175450,438888,333583,510735,319787,510735,1,0.111611653,0.226801272,EIF2B2,18,14,473827,411344,14,1.01,,,,,,,,,,,,,,
ILMN_1726989,rs2334323,rs2257182,408304,281262,491474,266014,491474,1,0.50157929,0.006024126,C1ORF86,6,1,206451,83,1,1.01,,,,,,,,,,,,,,
ILMN_1762861,rs11660982,rs2523404,435347,323323,508864,309460,508864,1,0.466695585,1.002921008,HLA-F,18,6,477535,190448,6,1.01,,,,,,,,,,,,,,
ILMN_1763663,rs9325634,rs2287197,404734,245330,519402,220666,519402,1,0.95174149,0.136905339,FLJ20718,21,16,506769,439788,16,1.02,,,,,,,,,,,,,,
ILMN_2313901,rs28092,rs784600,396979,265844,486795,248022,486795,1,0.440486448,0.657233085,PAM,5,1,168243,6753,5,1.02,,,,,,,,,,,,,,
ILMN_2336109,rs4822006,rs1294338,406244,283388,486278,268500,486278,1,0.038341542,0.330397093,L3MBTL2,22,1,512882,36429,22,1.02,,,,,,,,,,,,,,
ILMN_1704870,rs12982353,rs1263806,403425,253315,509802,230064,509802,1,0.654499011,0.031449044,PGLYRP1,19,14,484431,400950,19,1.02,,,,,,,,,,,,,,
ILMN_1737738,rs2746971,rs11107847,431467,294485,518709,278119,518709,2,0.176470847,0.387552942,NDUFA12,22,12,512158,372683,12,1.02,,,,,,,,,,,,,,
ILMN_1783996,rs10120023,rs2519515,415142,284284,497971,268736,497971,1,0.413702968,0.082631519,DEM1,9,7,301703,235792,1,1.02,,,,,,,,,,,,,,
ILMN_1783996,rs12363827,rs10120023,417873,286217,501278,270581,501278,1,0.024740427,0.770421212,DEM1,11,9,348953,301703,1,1.02,,,,,,,,,,,,,,
ILMN_1815951,rs2438490,rs2731939,422137,322142,490604,308883,490604,2,0.260271415,0.187863237,PCYOX1L,5,3,176660,88265,5,1.02,,,,,,,,,,,,,,
ILMN_2413278,rs352935,rs2965817,439464,330208,512972,316416,512972,2,14.41136529,3.794996505,RPL13,16,16,448825,448808,16,1.02,,,,,,,,,,,,,,
ILMN_1651705,rs872311,rs11032695,419021,278721,511121,260851,511121,1,0.29978661,0.264665714,CAT,18,11,475139,337048,11,1.02,,,,,,,,,,,,,,
ILMN_1662587,rs11639998,rs928046,435076,319431,511861,305480,511861,2,0.779166167,0.305991719,PNPLA7,16,9,434065,302198,9,1.02,,,,,,,,,,,,,,
ILMN_2242463,rs7930237,rs556895,355182,174234,502993,129822,502993,1,15.06465728,18.76214602,CTSC,11,11,345268,345257,11,1.02,,,,,,,,,,,,,,
ILMN_2382505,rs11673260,rs367035,442154,331721,517618,317740,517618,1,0.238807646,0.085081742,SLC22A18,19,11,485465,330177,11,1.02,,,,,,,,,,,,,,
ILMN_2382505,rs367035,rs3772054,413288,310129,483770,297117,483770,1,0.128037363,0.393833095,SLC22A18,11,2,330177,82704,11,1.02,,,,,,,,,,,,,,
ILMN_1713966,rs1950857,rs3811188,438314,330269,511264,316611,511264,1,0.440103168,0.139262094,MRPL52,14,14,402210,401419,14,1.02,,,,,,,,,,,,,,
ILMN_1731064,rs12765847,rs3738725,426877,320786,499487,307359,499487,1,0.003518806,0.940005356,CABC1,10,1,303420,35188,1,1.02,,,,,,,,,,,,,,
ILMN_1784863,rs3211834,rs1254900,398614,269835,483882,253181,483882,2,0.011147834,0.150260805,CD36,7,2,234393,57844,7,1.02,,,,,,,,,,,,,,
ILMN_2158336,rs1034120,rs17455517,445822,336138,518879,322185,518879,1,0.179957403,0.219939535,SH3GLB2,21,9,500662,300271,9,1.02,,,,,,,,,,,,,,
ILMN_2382505,rs367035,rs3110874,425427,319163,497690,305759,497690,1,0.10410044,0.152254574,SLC22A18,11,7,330177,246620,11,1.02,,,,,,,,,,,,,,
ILMN_1763386,rs8919,rs9804943,428497,317971,501865,304585,501865,1,0.404755142,0.055402789,BID,22,12,508007,379620,22,1.02,,,,,,,,,,,,,,
ILMN_2349610,rs12232308,rs1566972,430185,308753,511037,293954,511037,1,0.272273649,1.582808875,DPH3,15,3,430965,87378,3,1.02,,,,,,,,,,,,,,
ILMN_1663664,rs1420537,rs13217993,423327,288355,510802,271899,510802,1,0.253964298,0.412727489,MRPS10,16,6,440216,195118,6,1.02,,,,,,,,,,,,,,
ILMN_1680344,rs4798075,rs2737422,307548,111027,497212,47129,497212,1,0.151217066,0.740251554,MYOM1,18,8,463113,274614,18,1.02,,,,,,,,,,,,,,
ILMN_1704985,rs6021982,rs933994,441659,333600,513500,319810,513500,1,0.857103409,0.285993055,CYP27A1,20,2,494103,78070,2,1.02,,,,,,,,,,,,,,
ILMN_1752932,rs1805,rs11771552,424483,314346,497524,300652,497524,1,0.232334054,0.01073182,MPZL2,11,7,351150,246976,11,1.02,,,,,,,,,,,,,,
ILMN_1752932,rs7316716,rs1805,427496,316872,500902,303069,500902,1,1.078871988,0.96591116,MPZL2,12,11,359496,351150,11,1.02,,,,,,,,,,,,,,
ILMN_1755589,rs871257,rs12427378,396786,241244,503064,217551,503064,1,0.002309507,0.482411277,DIP2B,12,12,377203,365129,12,1.02,,,,,,,,,,,,,,
ILMN_1778010,rs1554999,rs4759890,416097,289445,501039,273312,501039,1,0.497294124,0.189479495,IL32,16,12,433812,380246,16,1.02,,,,,,,,,,,,,,
ILMN_2201966,rs12444224,rs11649236,415642,270500,512972,251000,512972,1,0.585988844,1.997455358,N4BP1,16,16,448497,439504,16,1.02,,,,,,,,,,,,,,
ILMN_2358626,rs2395095,rs10824092,390396,226741,501133,201213,501133,1,21.21468877,18.33248281,ADK,10,10,317649,317615,10,1.02,,,,,,,,,,,,,,
ILMN_2391861,rs12248673,rs11101992,368914,180304,499255,147051,499255,1,0.194398981,0.269649257,GSTM1,10,1,312837,19267,1,1.02,,,,,,,,,,,,,,
ILMN_1663664,rs11698155,rs2395803,424984,288929,513253,272230,513253,1,0.628813759,0.309193826,MRPS10,20,6,490889,195115,6,1.02,,,,,,,,,,,,,,
ILMN_1737685,rs6139887,rs1473927,423166,318415,493393,305273,493393,1,0.363268091,0.099365756,CRLS1,20,5,488595,161913,20,1.02,,,,,,,,,,,,,,
ILMN_1755589,rs338585,rs7134595,413929,256508,517962,234544,517962,2,0.217126186,0.295432554,DIP2B,19,12,483840,365105,12,1.03,,,,,,,,,,,,,,
ILMN_1755589,rs7134595,rs1808634,397598,246667,497500,225493,497500,2,NA,0.369725397,DIP2B,12,8,365105,261591,12,1.03,,,,,,,,,,,,,,
ILMN_1755589,rs7312252,rs4532958,399575,247966,499486,226794,499486,2,0.020151626,0.090040855,DIP2B,12,10,365106,324794,12,1.03,,,,,,,,,,,,,,
ILMN_1774901,rs7204270,rs1015111,426956,327667,495493,314268,495493,1,0.094791729,0.550288422,GDPD3,16,4,439238,140029,16,1.03,,,,,,,,,,,,,,
ILMN_1800008,rs227064,rs4744894,427367,317052,501872,303044,501872,1,1.780898875,1.037743224,ACAT1,11,9,349237,287881,11,1.03,,,,,,,,,,,,,,
ILMN_1813256,rs2131290,rs1531133,417228,302833,493896,288666,493896,1,0.102601075,0.284545966,CRIPT,4,2,150426,49969,2,1.03,,,,,,,,,,,,,,
ILMN_2391861,rs1547574,rs11101992,374086,182920,506692,149102,506692,1,1.136384948,0.270222037,GSTM1,13,1,393831,19267,1,1.03,,,,,,,,,,,,,,
ILMN_1684628,rs909446,rs1182968,386810,201003,519425,168009,519425,1,0.364636928,0.092966192,ZFP90,21,16,504788,443125,16,1.03,,,,,,,,,,,,,,
ILMN_1708482,rs1548475,rs4963126,444090,335800,518275,321757,518275,1,0.122175022,0.641880917,TMEM80,19,11,486763,329706,11,1.03,,,,,,,,,,,,,,
ILMN_1719649,rs1254086,rs4149226,435134,330825,506952,317134,506952,1,NA,NA,TMEM63A,13,1,391350,34991,1,1.03,,,,,,,,,,,,,,
ILMN_1728742,rs1122762,rs286595,435581,322296,510833,308445,510833,1,0.035477089,0.7168121,C5ORF4,18,5,470776,177914,5,1.03,,,,,,,,,,,,,,
ILMN_1755589,rs11080134,rs11169322,409747,252932,513359,230876,513359,2,0.04861141,0.323892791,DIP2B,17,12,453564,365099,12,1.03,,,,,,,,,,,,,,
ILMN_1755589,rs11169335,rs2872008,397751,245468,498038,224121,498038,2,0.575352422,NA,DIP2B,12,7,365102,246582,12,1.03,,,,,,,,,,,,,,
ILMN_1774604,rs6869411,rs4672884,423227,316329,494209,302853,494209,1,0.037673232,0.159621395,PNKD,5,2,178718,78034,2,1.03,,,,,,,,,,,,,,
ILMN_1803197,rs241730,rs7305307,426086,281919,518897,263938,518897,2,0.083265152,0.250493652,RAB3IP,22,12,511200,368452,12,1.03,,,,,,,,,,,,,,
ILMN_2115005,rs902634,rs831489,424578,312151,498236,298305,498236,1,0.105337107,1.20109525,FGD2,10,6,329341,193885,6,1.03,,,,,,,,,,,,,,
ILMN_2202940,rs6539014,rs867578,420635,297237,500786,282743,500786,2,0.018392909,0.924908184,CHPT1,12,11,374238,343929,12,1.03,,,,,,,,,,,,,,
ILMN_2372413,rs181405,rs10888267,416737,310803,487185,297757,487185,2,0.162050899,0.870398662,BID,22,1,508012,40025,22,1.03,,,,,,,,,,,,,,
ILMN_2384181,rs2831914,rs2161037,443422,328198,518822,314135,518822,1,0.037717191,0.883000473,DHRS9,21,2,503351,70019,2,1.03,,,,,,,,,,,,,,
ILMN_2384181,rs7661304,rs2161037,422550,312802,494458,299402,494458,1,0.111516919,0.053072823,DHRS9,4,2,150220,70019,2,1.03,,,,,,,,,,,,,,
ILMN_1691803,rs649216,rs6419960,424029,321426,494517,308063,494517,2,0.89244146,0.456344036,KIR2DS5,19,4,486173,150462,19,1.03,,,,,,,,,,,,,,
ILMN_1734542,rs347331,rs1264894,413987,298364,490708,283853,490708,1,1.21228699,0.246143448,OVGP1,3,1,108395,19680,1,1.03,,,,,,,,,,,,,,
ILMN_1811301,rs8044524,rs1127152,438856,330845,511606,317277,511606,1,0.836062554,1.45600079,INPP5E,16,9,446059,302097,9,1.03,,,,,,,,,,,,,,
ILMN_2109708,rs140522,rs4891884,412660,264903,511456,244855,511456,2,1.177628291,0.15469989,ECGF1,22,18,515357,474581,22,1.03,,,,,,,,,,,,,,
ILMN_1688231,rs10862975,rs2395771,429814,324038,500867,310638,500867,1,0.247674961,0.114662668,TREM1,12,6,371175,194902,6,1.03,,,,,,,,,,,,,,
ILMN_1688231,rs12412964,rs2395771,428263,322859,498936,309503,498936,1,1.231774835,1.201857368,TREM1,10,6,323512,194902,6,1.03,,,,,,,,,,,,,,
ILMN_1703754,rs6505780,rs13132719,409253,274861,494851,258980,494851,1,0.23913316,0.145540141,CEP192,18,4,465487,148241,18,1.03,,,,,,,,,,,,,,
ILMN_1717052,rs2221406,rs1000620,435221,328656,507033,315133,507033,2,0.116533697,0.666964002,STARD10,13,11,394539,342124,11,1.03,,,,,,,,,,,,,,
ILMN_1734542,rs10802822,rs1264898,413212,298570,488391,284382,488391,1,1.476981811,0.130061273,OVGP1,1,1,38112,19683,1,1.03,,,,,,,,,,,,,,
ILMN_2202940,rs591967,rs2695290,431088,316101,506353,302391,506353,1,0.198493857,0.724108046,CHPT1,13,12,385104,374212,12,1.03,,,,,,,,,,,,,,
ILMN_2339796,rs861544,rs7324744,362887,183544,510241,143523,510241,1,0.141656783,0.213645541,CDC16,14,13,417495,400504,13,1.03,,,,,,,,,,,,,,
ILMN_2398939,rs8092433,rs4890876,438013,325226,512861,311215,512861,2,21.90997237,7.060509078,MBP,18,18,477283,477277,18,1.03,,,,,,,,,,,,,,
ILMN_3237385,rs11063498,rs7923609,428209,320906,501121,307344,501121,1,NA,NA,NRBF2,12,10,356467,315336,10,1.03,,,,,,,,,,,,,,
ILMN_3237385,rs6025645,rs7923609,438449,328397,513480,314466,513480,1,NA,NA,NRBF2,20,10,498403,315336,10,1.03,,,,,,,,,,,,,,
ILMN_3237385,rs6517815,rs7923609,443035,331742,518846,317669,518846,1,NA,NA,NRBF2,21,10,501052,315336,10,1.03,,,,,,,,,,,,,,
ILMN_1696347,rs2457684,rs7079264,424760,311077,499235,297592,499235,1,0.739890084,0.921660514,CTSC,11,10,345273,323569,11,1.03,,,,,,,,,,,,,,
ILMN_1730816,rs1860563,rs2707210,437402,327356,510665,313787,510665,1,0.462001099,0.35603653,GPR162,16,12,434620,356892,12,1.03,,,,,,,,,,,,,,
ILMN_1730816,rs2272500,rs2707210,431400,323058,503064,309738,503064,2,0.033527148,0.253798283,GPR162,12,12,370245,356892,12,1.03,,,,,,,,,,,,,,
ILMN_1730816,rs2707210,rs4740848,429490,321627,501180,308296,501180,1,0.057002534,0.24736466,GPR162,12,9,356892,279402,12,1.03,,,,,,,,,,,,,,
ILMN_1793934,rs470072,rs10498313,437263,330830,508953,317346,508953,2,0.872163911,0.018810011,PISD,22,14,510843,402774,22,1.03,,,,,,,,,,,,,,
ILMN_1794726,rs238230,rs4884857,427086,304590,506451,289963,506451,2,NA,NA,RNF167,17,13,449923,388258,17,1.03,,,,,,,,,,,,,,
ILMN_1802380,rs7697290,rs301819,416291,299447,494516,284892,494516,1,0.101895234,0.142742514,RERE,4,1,140880,1530,1,1.03,,,,,,,,,,,,,,
ILMN_2121437,rs7563453,rs4973397,365444,204871,485766,174927,485766,2,6.327475278,7.505690275,NCL,2,2,80532,80529,2,1.03,,,,,,,,,,,,,,
ILMN_2307032,rs2829679,rs998639,420054,264974,518724,245239,518724,2,0.0039001,0.364600657,OSBPL5,21,11,502589,330228,11,1.03,,,,,,,,,,,,,,
ILMN_2410783,rs8068856,rs10902506,379429,205146,501534,173426,501534,1,0.391590692,0.112700904,GAA,17,12,461979,380416,17,1.03,,,,,,,,,,,,,,
ILMN_3237385,rs2375269,rs7923609,427904,320371,501050,306815,501050,1,NA,NA,NRBF2,11,10,341728,315336,10,1.03,,,,,,,,,,,,,,
ILMN_1730816,rs2707210,rs9827054,419860,314307,490345,301234,490345,1,0.059870045,0.956339593,GPR162,12,3,356892,117103,12,1.03,,,,,,,,,,,,,,
ILMN_1781184,rs10134030,rs1317149,428105,307740,510102,292288,510102,1,0.463345177,0.130551173,MYBPC3,14,11,408718,339522,11,1.03,,,,,,,,,,,,,,
ILMN_1799381,rs1520429,rs214097,435490,323735,510663,309853,510663,2,1.027828144,0.288442064,SNORD14A,15,11,421986,333601,11,1.03,,,,,,,,,,,,,,
ILMN_1802380,rs4982958,rs301819,428953,308586,509355,293598,509355,1,1.22925045,0.608440055,RERE,14,1,401797,1530,1,1.03,,,,,,,,,,,,,,
ILMN_3238662,rs10445863,rs750783,414873,305590,485766,292564,485766,1,NA,NA,SNORD89,2,2,61137,58831,2,1.03,,,,,,,,,,,,,,
ILMN_3238662,rs11605822,rs750783,428266,315325,501342,301891,501342,1,NA,NA,SNORD89,11,2,352056,58831,2,1.03,,,,,,,,,,,,,,
ILMN_3238662,rs2135064,rs750783,422324,310803,494426,297521,494426,1,NA,NA,SNORD89,5,2,156108,58831,2,1.03,,,,,,,,,,,,,,
ILMN_1658639,rs949805,rs7981190,437089,323718,512606,309932,512606,1,0.581789675,0.093899409,SLC46A3,17,13,457765,383007,13,1.03,,,,,,,,,,,,,,
ILMN_1763837,rs11073891,rs6846031,416352,298468,493916,284113,493916,1,0.17207952,0.471835881,ANPEP,15,4,430198,147811,15,1.03,,,,,,,,,,,,,,
ILMN_1769782,rs1891432,rs10900520,407008,280456,488391,265252,488391,2,11.21972028,18.59772943,LAX1,1,1,30850,30839,1,1.03,,,,,,,,,,,,,,
ILMN_1798308,rs2523971,rs1177303,412184,295454,490905,280561,490905,1,0.637151755,0.919393786,AHSA2,6,2,190627,53271,2,1.03,,,,,,,,,,,,,,
ILMN_1811648,rs9900173,rs1343244,406789,278508,491521,262355,491521,2,0.577981386,0.00016061,DCAKD,17,6,455707,201432,17,1.03,,,,,,,,,,,,,,
ILMN_1763837,rs11073891,rs3823523,419185,300518,497177,286087,497177,1,1.085302879,0.435841496,ANPEP,15,7,430198,246908,15,1.03,,,,,,,,,,,,,,
ILMN_2358069,rs7783715,rs6414306,405927,277677,491518,261577,491518,1,0.884386779,0.250335474,MAD1L1,7,3,219220,106223,7,1.03,,,,,,,,,,,,,,
ILMN_1733998,rs1519956,rs7566044,431029,326147,501087,312858,501087,1,1.173441001,0.061219934,DHRS9,12,2,371554,70026,2,1.03,,,,,,,,,,,,,,
ILMN_1781184,rs7322768,rs7124681,432758,325123,507415,311104,507415,1,0.081472839,0.04348981,MYBPC3,13,11,399322,339525,11,1.03,,,,,,,,,,,,,,
ILMN_1787885,rs5017351,rs1005901,429732,324727,500088,311309,500088,1,0.463552879,0.034245804,NUDT18,11,8,335655,255616,8,1.03,,,,,,,,,,,,,,
ILMN_1800276,rs10879131,rs4922579,428637,321535,501309,308014,501309,2,0.369477408,0.575755104,RCN1,12,11,363537,336647,11,1.03,,,,,,,,,,,,,,
ILMN_1800276,rs4922579,rs11166957,425062,318658,497397,305301,497397,2,0.093675521,0.409325744,RCN1,11,8,336647,276409,11,1.03,,,,,,,,,,,,,,
ILMN_1701875,rs6056281,rs2242601,423183,283725,513578,266207,513578,2,0.009098116,0.258375582,ZYX,20,7,489371,244770,7,1.03,,,,,,,,,,,,,,
ILMN_1731001,rs10894861,rs12115088,427424,318379,500264,305053,500264,1,1.197424552,0.252952439,ERICH1,11,8,355039,247992,8,1.03,,,,,,,,,,,,,,
ILMN_1731001,rs726145,rs12115088,435897,324604,510132,311026,510132,1,0.040812117,0.290003933,ERICH1,18,8,467981,247992,8,1.03,,,,,,,,,,,,,,
ILMN_1733998,rs1528529,rs7566044,428070,323648,497709,310442,497709,1,0.342220143,0.372755565,DHRS9,7,2,245387,70026,2,1.03,,,,,,,,,,,,,,
ILMN_1738347,rs8071611,rs2819365,425880,287145,513064,270984,513064,2,0.518862316,1.483492204,RNPEP,17,1,459357,30487,1,1.03,,,,,,,,,,,,,,
ILMN_1763455,rs10500316,rs4552100,438435,329958,510862,316335,510862,1,0.542902592,0.531709613,VSTM1,19,18,485996,476315,19,1.03,,,,,,,,,,,,,,
ILMN_1772208,rs2353203,rs541207,443521,331898,518398,317848,518398,1,0.37285315,0.326445105,CCDC88B,19,11,480754,341070,11,1.04,,,,,,,,,,,,,,
ILMN_1793770,rs2286842,rs3779589,428014,321856,499686,308371,499686,2,1.446286857,0.229119532,DNAJB6,7,7,247530,247517,7,1.04,,,,,,,,,,,,,,
ILMN_1800276,rs4922579,rs1341899,415966,312123,486636,299006,486636,2,0.264611895,0.038065256,RCN1,11,1,336647,18094,11,1.04,,,,,,,,,,,,,,
ILMN_2162972,rs177820,rs2168029,438329,330308,510935,316434,510935,1,0.030399304,0.492790361,LYZ,18,12,477934,368329,12,1.04,,,,,,,,,,,,,,
ILMN_2162972,rs2168029,rs2253135,430245,324443,501561,310805,501561,1,0.362529048,0.611507402,LYZ,12,9,368329,300123,12,1.04,,,,,,,,,,,,,,
ILMN_2345142,rs11700063,rs939294,392722,238649,494258,217026,494258,1,0.239451718,0.458700282,SULF2,20,4,496044,148286,20,1.04,,,,,,,,,,,,,,
ILMN_1675756,rs2186344,rs424299,421335,298795,500220,284383,500220,1,0.125622764,0.651538855,KCNJ15,21,11,505304,330898,21,1.04,,,,,,,,,,,,,,
ILMN_1738347,rs1107121,rs2819365,430813,290393,518846,274080,518846,2,0.301348465,0.111545724,RNPEP,21,1,507305,30487,1,1.04,,,,,,,,,,,,,,
ILMN_1763455,rs10500316,rs7895870,428523,322805,499134,309507,499134,1,0.170125934,0.478336822,VSTM1,19,10,485996,326403,19,1.04,,,,,,,,,,,,,,
ILMN_1763455,rs9625870,rs10500316,445130,335045,518850,321178,518850,1,1.382383966,0.813092005,VSTM1,22,19,510555,485996,19,1.04,,,,,,,,,,,,,,
ILMN_1772208,rs694739,rs12771349,419069,296559,499920,281465,499920,1,0.184333103,0.232490693,CCDC88B,11,10,341068,321586,11,1.04,,,,,,,,,,,,,,
ILMN_1794726,rs400688,rs11706900,333781,153854,490545,105455,490545,1,0.459270448,0.705253295,RNF167,17,3,449917,91470,17,1.04,,,,,,,,,,,,,,
ILMN_1797893,rs131969,rs7328733,434461,310542,518679,294532,518679,1,0.359961232,0.870651467,PFAAP5,22,13,514903,383932,13,1.04,,,,,,,,,,,,,,
ILMN_1802557,rs3782567,rs17686635,424446,317668,497142,304248,497142,1,0.594487398,0.150011161,HEBP1,12,8,358160,274861,12,1.04,,,,,,,,,,,,,,
ILMN_2327795,rs11085829,rs301819,435684,313340,517705,298078,517705,2,0.333644562,0.210613549,RERE,19,1,480094,1530,1,1.04,,,,,,,,,,,,,,
ILMN_2327795,rs3852011,rs301819,412725,296929,490743,282373,490743,1,0.604762077,0.083803331,RERE,3,1,103552,1530,1,1.04,,,,,,,,,,,,,,
ILMN_2347193,rs11557467,rs4965745,437838,327521,511724,313938,511724,1,0.200013276,0.682048383,GSDMB,17,15,455087,433075,17,1.04,,,,,,,,,,,,,,
ILMN_3239130,rs2611512,rs2547996,423608,318759,494414,305458,494414,1,NA,NA,AGAP6,10,5,312587,167203,10,1.04,,,,,,,,,,,,,,
ILMN_1729179,rs1131620,rs4774580,415738,255414,518224,234915,518224,1,NA,NA,SPATA5L1,19,15,483741,421887,15,1.04,,,,,,,,,,,,,,
ILMN_2357419,rs3859532,rs714789,368963,184812,510900,147797,510900,1,0.029124299,0.231747503,LILRA5,19,18,486051,476491,19,1.04,,,,,,,,,,,,,,
ILMN_2368530,rs765044,rs1554999,429515,298367,517589,281751,517589,1,0.22938278,0.693852072,IL32,19,16,478420,433812,16,1.04,,,,,,,,,,,,,,
ILMN_2391512,rs2071856,rs6826085,434567,303892,519320,288329,519320,1,0.431870274,0.265264083,NAAA,22,4,512363,131613,4,1.04,,,,,,,,,,,,,,
ILMN_1720083,rs10403312,rs1048166,442610,330942,518109,317031,518109,1,0.467596342,0.900406371,EHD4,19,15,485714,421543,15,1.04,,,,,,,,,,,,,,
ILMN_1807825,rs977785,rs1543675,351092,163045,485767,124959,485767,1,0.145769194,0.125687806,LY86,6,1,185128,13585,6,1.04,,,,,,,,,,,,,,
ILMN_2387680,rs2823165,rs2267952,444505,335163,518747,321222,518747,1,1.150162155,0.734032068,VNN3,21,6,500390,210583,6,1.04,,,,,,,,,,,,,,
ILMN_2387680,rs9596457,rs2267952,434198,327500,506528,313926,506528,2,0.05033549,0.457540466,VNN3,13,6,387724,210583,6,1.04,,,,,,,,,,,,,,
ILMN_2309848,rs1633921,rs788178,433517,322865,507050,309426,507050,2,0.413395683,0.094324118,FXYD5,19,13,483040,396316,19,1.04,,,,,,,,,,,,,,
ILMN_1696347,rs5752236,rs7128352,441641,327656,518961,313838,518961,1,0.800935008,0.485860714,CTSC,22,11,509499,345259,11,1.05,,,,,,,,,,,,,,
ILMN_1712532,rs4266763,rs684040,418163,315117,487000,301998,487000,1,NA,NA,CARD9,9,1,302090,14241,9,1.05,,,,,,,,,,,,,,
ILMN_1742456,rs17780195,rs2273770,432267,308152,512872,293341,512872,1,0.870523509,0.157619152,OSTF1,17,9,460142,288958,9,1.05,,,,,,,,,,,,,,
ILMN_1742456,rs2273770,rs7718088,416370,297005,493942,282646,493942,1,0.077633044,1.1985921,OSTF1,9,5,288958,183052,9,1.05,,,,,,,,,,,,,,
ILMN_1752728,rs4971478,rs12744386,413381,307930,484208,294595,484208,1,0.301688743,0.010400498,FUCA1,2,1,40356,4423,1,1.05,,,,,,,,,,,,,,
ILMN_1787526,rs12718598,rs11725347,421441,312545,494334,299511,494334,1,0.296138752,0.131570118,MGC13057,7,4,230828,146814,2,1.05,,,,,,,,,,,,,,
ILMN_1787526,rs674608,rs12718598,435516,323039,510770,309536,510770,1,1.028671206,0.069899744,MGC13057,18,7,475808,230828,2,1.05,,,,,,,,,,,,,,
ILMN_1787526,rs8058318,rs12718598,435431,322968,510881,309438,510881,1,0.122823706,0.114235939,MGC13057,16,7,446450,230828,2,1.05,,,,,,,,,,,,,,
ILMN_2338348,rs1893592,rs7201194,405244,251125,510355,228428,510355,1,0.422739918,0.590156064,UBASH3A,21,16,506784,446979,21,1.05,,,,,,,,,,,,,,
ILMN_1682928,rs12596791,rs245884,435722,322911,510544,309419,510544,1,0.569212353,0.063358498,CPVL,16,7,438704,226291,7,1.05,,,,,,,,,,,,,,
ILMN_1682928,rs2835998,rs245884,442499,327916,518361,314252,518361,1,0.02569455,0.192783623,CPVL,21,7,505225,226291,7,1.05,,,,,,,,,,,,,,
ILMN_1683811,rs1537146,rs10488630,413722,276900,501772,259837,501772,1,0.154500795,0.109734466,TNPO3,9,7,279068,242162,7,1.05,,,,,,,,,,,,,,
ILMN_1683811,rs199793,rs10488630,423543,283473,513708,265931,513708,1,0.173058968,1.033321193,TNPO3,20,7,492801,242162,7,1.05,,,,,,,,,,,,,,
ILMN_1731001,rs5766218,rs4735900,442315,328890,518110,315063,518110,1,0.113411773,0.200871107,ERICH1,22,8,513820,248004,8,1.05,,,,,,,,,,,,,,
ILMN_1815205,rs2168029,rs11981725,427174,321898,497760,308391,497760,1,0.032805653,0.148736724,LYZ,12,7,368329,246787,12,1.05,,,,,,,,,,,,,,
ILMN_2338348,rs1893592,rs7512594,386228,239568,485774,218051,485774,1,1.291474302,0.481762219,UBASH3A,21,1,506784,32913,21,1.05,,,,,,,,,,,,,,
ILMN_1712532,rs4573661,rs4077515,429741,322715,501595,309108,501595,1,0.860838378,0.091268319,CARD9,11,9,331055,302084,9,1.05,,,,,,,,,,,,,,
ILMN_1733932,rs8134646,rs7185362,436850,326038,511025,312417,511025,1,1.407072855,0.129372095,SNUPN,21,16,507389,446149,15,1.05,,,,,,,,,,,,,,
ILMN_1668605,rs2707575,rs6826085,417080,291583,498157,276716,498157,1,0.026856464,0.196522672,NAAA,7,4,245518,131613,4,1.05,,,,,,,,,,,,,,
ILMN_1694027,rs355391,rs684856,436969,326119,510772,312074,510772,1,0.06387526,0.312742668,SESN3,15,11,422024,346337,11,1.05,,,,,,,,,,,,,,
ILMN_1694027,rs684856,rs7004947,425237,317454,497007,303844,497007,1,0.506574601,0.206681326,SESN3,11,8,346337,274664,11,1.05,,,,,,,,,,,,,,
ILMN_2222750,rs1401202,rs4849261,432493,313045,511606,298395,511606,1,0.728695925,0.13329859,RPL23AP7,16,2,445649,60845,2,1.05,,,,,,,,,,,,,,
ILMN_1652333,rs898095,rs9892064,442554,336649,515007,322786,515007,2,29.39172156,28.23532433,FN3KRP,17,17,462354,462345,17,1.05,,,,,,,,,,,,,,
ILMN_1694027,rs12147460,rs684856,435697,325519,509119,311521,509119,1,0.505949506,0.020714961,SESN3,14,11,417528,346337,11,1.05,,,,,,,,,,,,,,
ILMN_1765076,rs935251,rs2769594,417169,283699,501437,268177,501437,1,1.022948983,0.800163126,APPL2,12,9,374982,291236,12,1.05,,,,,,,,,,,,,,
ILMN_1785060,rs968726,rs10748526,360277,176221,512975,130062,512975,1,0.18216597,0.074909341,TSPAN14,17,10,453412,318753,10,1.05,,,,,,,,,,,,,,
ILMN_1794522,rs7216490,rs2197210,426420,320798,496914,307668,496914,1,0.053419278,0.078258328,EIF5A,17,8,450440,273431,17,1.05,,,,,,,,,,,,,,
ILMN_2331544,rs6079849,rs2051344,419579,278376,513351,259725,513351,1,0.027687524,0.097488414,MBP,20,18,491062,477268,18,1.05,,,,,,,,,,,,,,
ILMN_2412214,rs12450521,rs11749727,352317,159514,495181,118919,495181,2,0.399531708,0.347886191,LGALS9,17,5,453303,183055,17,1.05,,,,,,,,,,,,,,
ILMN_3223126,rs140522,rs1198819,390629,250858,484361,231843,484361,1,NA,NA,TYMP,22,2,515357,82001,22,1.05,,,,,,,,,,,,,,
ILMN_1741180,rs1942719,rs7213057,407276,251665,511756,231016,511756,1,0.34312315,1.613486127,HEXDC,18,17,476379,462281,17,1.05,,,,,,,,,,,,,,
ILMN_1793934,rs715572,rs6518754,447407,339044,520849,325178,520849,2,0.422804405,0.054830201,PISD,22,22,511163,510827,22,1.05,,,,,,,,,,,,,,
ILMN_1794522,rs7216490,rs1269096,436884,328826,509026,315315,509026,1,0.084984284,0.56475232,EIF5A,17,14,450440,416783,17,1.05,,,,,,,,,,,,,,
ILMN_1794522,rs7216490,rs1553474,414748,312115,483528,299273,483528,1,0.588347722,0.28075014,EIF5A,17,2,450440,50567,17,1.05,,,,,,,,,,,,,,
ILMN_1794522,rs7216490,rs4471434,429655,323237,500755,309938,500755,1,1.116392931,0.052505075,EIF5A,17,11,450440,352875,17,1.05,,,,,,,,,,,,,,
ILMN_1675191,rs7082031,rs10070522,413964,281670,499180,265591,499180,1,0.105255297,0.256308798,GAPT,10,5,327659,161112,5,1.05,,,,,,,,,,,,,,
ILMN_1712305,rs2592948,rs888427,413327,284731,494538,269937,494538,1,0.531976176,0.229527858,CYBRD1,4,2,140154,70498,2,1.05,,,,,,,,,,,,,,
ILMN_1712305,rs7852475,rs888427,419368,288980,501600,273903,501600,1,0.01756881,0.20254529,CYBRD1,9,2,302217,70498,2,1.05,,,,,,,,,,,,,,
ILMN_1731043,rs7776572,rs11770192,415396,284285,499686,268274,499686,2,1.893284901,3.188991326,TRA2A,7,7,224862,224859,7,1.05,,,,,,,,,,,,,,
ILMN_2201580,rs6492807,rs3754446,413768,268941,506691,250854,506691,1,NA,NA,GSTM2,13,1,395989,19264,1,1.05,,,,,,,,,,,,,,
ILMN_2336609,rs1375719,rs485485,418656,283279,506511,266460,506511,1,0.307938464,0.284544446,SYTL2,13,11,397680,344626,11,1.05,,,,,,,,,,,,,,
ILMN_1675191,rs10070522,rs7605821,400876,272327,483813,256835,483813,1,0.780636774,0.014688342,GAPT,5,2,161112,81353,5,1.05,,,,,,,,,,,,,,
ILMN_1743646,rs1264226,rs2276470,445177,332058,519614,318173,519614,2,5.13912279,0.9440341,VASP,19,19,484354,484342,19,1.05,,,,,,,,,,,,,,
ILMN_1795836,rs4819271,rs901964,427105,313944,501661,300443,501661,2,0.079696475,0.647934965,C21ORF57,21,12,507735,364878,21,1.05,,,,,,,,,,,,,,
ILMN_1804396,rs2655991,rs9787151,387489,239715,486241,219438,486241,2,NA,NA,C14ORF4,14,1,411808,10593,14,1.05,,,,,,,,,,,,,,
ILMN_1804396,rs6010061,rs2655991,413047,255209,518699,233563,518699,2,NA,NA,C14ORF4,22,14,515397,411808,14,1.05,,,,,,,,,,,,,,
ILMN_1804396,rs7245800,rs2655991,412004,254424,517464,232862,517464,2,NA,NA,C14ORF4,19,14,485432,411808,14,1.05,,,,,,,,,,,,,,
ILMN_1804396,rs1293455,rs2655991,406893,251233,510711,229982,510711,2,NA,NA,C14ORF4,18,14,465654,411808,14,1.05,,,,,,,,,,,,,,
ILMN_1804396,rs2655991,rs10972462,399355,246879,501337,225951,501337,2,NA,NA,C14ORF4,14,9,411808,286996,14,1.05,,,,,,,,,,,,,,
ILMN_1804396,rs2655991,rs6445340,390424,241190,490502,220713,490502,2,NA,NA,C14ORF4,14,3,411808,96126,14,1.05,,,,,,,,,,,,,,
ILMN_1804396,rs4793445,rs2655991,408402,252218,512857,230860,512857,2,NA,NA,C14ORF4,17,14,460081,411808,14,1.05,,,,,,,,,,,,,,
ILMN_2364535,rs8134646,rs1472075,419235,312947,490705,299857,490705,1,0.003751875,0.341207911,SNUPN,21,3,507389,118130,15,1.05,,,,,,,,,,,,,,
ILMN_2410783,rs11150847,rs12602462,432724,309165,515007,293903,515007,2,12.99112612,19.978611,GAA,17,17,461991,461989,17,1.05,,,,,,,,,,,,,,
ILMN_1743205,rs3752237,rs596183,406413,273414,491733,257117,491733,1,0.017691674,0.380410584,ABCA7,19,6,478194,215718,19,1.05,,,,,,,,,,,,,,
ILMN_1743205,rs3752237,rs914737,414869,278872,502516,262065,502516,1,NA,NA,ABCA7,19,9,478194,302125,19,1.05,,,,,,,,,,,,,,
ILMN_1747347,rs9907897,rs7405659,440607,329772,515007,315912,515007,1,0.049754832,0.531345766,C17ORF60,17,17,458684,458560,17,1.05,,,,,,,,,,,,,,
ILMN_1790692,rs4145072,rs7577293,371547,201057,507536,163472,507536,1,0.45491263,0.019768487,GNLY,13,2,399696,57867,2,1.05,,,,,,,,,,,,,,
ILMN_2157441,rs4899635,rs7192,425088,294385,507338,279163,507338,1,0.159345532,0.902956761,HLA-DRA,14,6,411797,192499,6,1.05,,,,,,,,,,,,,,
ILMN_2359945,rs8192935,rs772788,388463,243774,483646,224360,483646,1,NA,NA,CES1,16,2,441020,81246,16,1.05,,,,,,,,,,,,,,
ILMN_1762764,rs10838191,rs1354034,421091,295130,500726,280456,500726,1,0.119275986,0.702785193,SH3BGRL2,11,3,338836,94355,6,1.05,,,,,,,,,,,,,,
ILMN_1762764,rs2545385,rs1354034,415174,291104,493810,276535,493810,1,0.511982221,0.198449466,SH3BGRL2,5,3,162614,94355,6,1.05,,,,,,,,,,,,,,
ILMN_1762764,rs6845304,rs1354034,415398,291396,494158,276826,494158,2,0.70691862,0.323742687,SH3BGRL2,4,3,133437,94355,6,1.05,,,,,,,,,,,,,,
ILMN_1745949,rs200609,rs4803481,385509,199771,514140,167370,514140,1,0.122014316,0.904040136,CEACAM21,20,19,497369,483884,19,1.05,,,,,,,,,,,,,,
ILMN_1745949,rs4803481,rs2421050,370950,192295,494794,161126,494794,1,0.160878639,2.164192397,CEACAM21,19,5,483884,178750,19,1.05,,,,,,,,,,,,,,
ILMN_1796678,rs12975066,rs2855039,417239,270145,517198,249676,517198,1,0.242531058,0.1450182,HBG1,19,11,483053,330753,11,1.05,,,,,,,,,,,,,,
ILMN_1796678,rs2855039,rs12042181,392496,254464,485975,235240,485975,1,0.518439961,0.079232171,HBG1,11,1,330753,32657,11,1.06,,,,,,,,,,,,,,
ILMN_1699631,rs1147447,rs2950520,401440,245029,509692,221407,509692,1,0.632846859,0.825792099,GATS,14,7,409716,237644,7,1.06,,,,,,,,,,,,,,
ILMN_1699631,rs2425256,rs2950520,404587,246655,513851,222900,513851,1,0.424407538,NA,GATS,20,7,493951,237644,7,1.06,,,,,,,,,,,,,,
ILMN_1795836,rs9978658,rs11701361,434320,305101,520789,288582,520789,2,16.35976528,6.075387021,C21ORF57,21,21,507729,507666,21,1.06,,,,,,,,,,,,,,
ILMN_1796678,rs11078523,rs2855039,413639,267683,512591,247405,512591,1,0.655908695,0.003742175,HBG1,17,11,449852,330753,11,1.06,,,,,,,,,,,,,,
ILMN_1796678,rs2855039,rs12503379,398571,258304,494009,238692,494009,1,0.459086319,0.008670785,HBG1,11,4,330753,141967,11,1.06,,,,,,,,,,,,,,
ILMN_2084825,rs12975066,rs2855039,417239,270145,517198,249676,517198,1,0.134406647,0.084310583,HBG2,19,11,483053,330753,11,1.06,,,,,,,,,,,,,,
ILMN_2084825,rs2855039,rs12042181,392496,254464,485975,235240,485975,1,0.54147094,0.058732792,HBG2,11,1,330753,32657,11,1.07,,,,,,,,,,,,,,
ILMN_2087692,rs11257679,rs888427,417619,288034,499246,273022,499246,1,1.872413512,0.388157873,CYBRD1,10,2,305749,70498,2,1.07,,,,,,,,,,,,,,
ILMN_2087692,rs6137908,rs888427,429370,295683,513536,280297,513536,1,0.828579268,0.052151011,CYBRD1,20,2,493021,70498,2,1.07,,,,,,,,,,,,,,
ILMN_2087692,rs888427,rs7591849,406106,279785,485766,265230,485766,1,0.102299532,0.871626322,CYBRD1,2,2,70498,68410,2,1.07,,,,,,,,,,,,,,
ILMN_1662358,rs459498,rs11160227,434602,321817,508498,308113,508498,1,0.522955689,0.46072481,MX1,21,14,506288,415708,21,1.07,,,,,,,,,,,,,,
ILMN_1662358,rs459498,rs4973801,418188,309519,489886,296224,489886,1,0.496666185,0.110137507,MX1,21,3,506288,89582,21,1.07,,,,,,,,,,,,,,
ILMN_1662358,rs459498,rs8130120,444909,329383,520789,315304,520789,1,0.923262612,0.292023929,MX1,21,21,506288,503231,21,1.08,,,,,,,,,,,,,,
ILMN_1793934,rs6518752,rs954627,417061,315290,486066,301846,486066,1,1.188294467,0.002282772,PISD,22,1,510817,3151,22,1.08,,,,,,,,,,,,,,
ILMN_2084825,rs2855039,rs12503379,398571,258304,494009,238692,494009,1,0.463457112,0.001800234,HBG2,11,4,330753,141967,11,1.08,,,,,,,,,,,,,,
ILMN_2353633,rs2827076,rs9305048,443869,329763,519287,315588,519287,1,0.04036307,0.359868015,EMR2,21,19,501850,480342,19,1.08,,,,,,,,,,,,,,
ILMN_2353633,rs6132112,rs9305048,439340,326455,513921,312419,513921,1,0.399952829,0.451916639,EMR2,20,19,492050,480342,19,1.08,,,,,,,,,,,,,,
ILMN_2353633,rs9305048,rs3007765,433646,322289,507068,308500,507068,1,NA,NA,EMR2,19,13,480342,397412,19,1.08,,,,,,,,,,,,,,
ILMN_1654545,rs4333645,rs1455268,421112,307876,495374,294544,495374,2,0.005162781,0.095820179,CPSF1,8,4,277130,129490,8,1.08,,,,,,,,,,,,,,
ILMN_2403228,rs7305054,rs3903088,425246,315792,498954,302483,498954,2,0.355593818,0.952070754,CLEC12A,12,10,357470,329396,12,1.08,,,,,,,,,,,,,,
ILMN_1798308,rs10881585,rs842647,415944,284553,501685,268126,501685,2,1.934638939,1.825008554,AHSA2,9,2,301487,53229,2,1.08,,,,,,,,,,,,,,
ILMN_2101920,rs6894268,rs4700810,413673,285273,496077,270037,496077,2,3.014691585,8.548692196,HNRPH1,5,5,182964,182960,5,1.08,,,,,,,,,,,,,,
ILMN_2150196,rs6009951,rs8101804,422759,276969,519436,257539,519436,1,0.346504559,0.112529053,LRRC25,22,19,515396,481042,19,1.08,,,,,,,,,,,,,,
ILMN_1800897,rs4852124,rs6588415,401017,272873,484219,257236,484219,1,0.054873377,0.472952899,NRD1,2,1,82423,8404,1,1.09,,,,,,,,,,,,,,
ILMN_1804935,rs1443946,rs2267952,426038,321203,497110,307933,497110,1,0.478327976,0.233255573,VNN3,8,6,263538,210583,6,1.09,,,,,,,,,,,,,,
ILMN_1804935,rs348462,rs2267952,429755,324242,501445,310743,501445,1,0.170636271,0.311813149,VNN3,9,6,288589,210583,6,1.09,,,,,,,,,,,,,,
ILMN_1804935,rs7157055,rs2267952,436505,329273,509222,315597,509222,1,0.189684603,0.028446585,VNN3,14,6,413085,210583,6,1.09,,,,,,,,,,,,,,
ILMN_1739586,rs969010,rs11691600,411792,281418,494252,265565,494252,1,0.280213739,0.13898462,FEZ2,4,2,144677,47589,2,1.09,,,,,,,,,,,,,,
ILMN_1804935,rs10278073,rs2267952,426608,321655,497644,308346,497644,1,0.739382302,0.15857359,VNN3,7,6,246375,210583,6,1.1,,,,,,,,,,,,,,
ILMN_1658247,rs11613438,rs1047944,402228,251785,490871,234981,490871,2,1.545255614,1.273024002,OAS1,12,6,376152,217259,12,1.1,,,,,,,,,,,,,,
ILMN_1697971,rs2527180,rs2032447,403810,261766,496682,242773,496682,1,0.913043236,0.040509041,TRIM38,7,6,247839,189845,6,1.1,,,,,,,,,,,,,,
ILMN_2104696,rs4735895,rs1517297,345082,148329,493690,106518,493690,1,1.031927354,0.670333787,ERICH1,8,4,247999,148924,8,1.1,,,,,,,,,,,,,,
ILMN_3223126,rs470119,rs4783126,429312,305236,511562,290006,511562,1,NA,NA,TYMP,22,16,515356,447649,22,1.1,,,,,,,,,,,,,,
ILMN_1711606,rs8019823,rs11600990,285591,62259,510053,1695,510053,1,0.13898985,0.813789252,PRDX5,14,11,415505,341065,11,1.1,,,,,,,,,,,,,,
ILMN_1678939,rs13044386,rs1883617,419843,279482,513380,261245,513380,1,0.694902301,0.391321507,VNN2,20,6,489418,210584,6,1.1,,,,,,,,,,,,,,
ILMN_1678939,rs134447,rs1883617,424172,282412,518806,263983,518806,1,NA,NA,VNN2,22,6,515202,210584,6,1.1,,,,,,,,,,,,,,
ILMN_1739586,rs2356400,rs13406184,432574,298870,517442,282699,517442,1,0.325801094,0.135597099,FEZ2,19,2,484083,47586,2,1.1,,,,,,,,,,,,,,
ILMN_1678939,rs216495,rs1883617,409666,272865,500950,255053,500950,1,0.189454894,0.327706879,VNN2,11,6,333535,210584,6,1.11,,,,,,,,,,,,,,
ILMN_1651385,rs7989895,rs4846085,419387,285750,506818,269121,506818,1,0.252732954,0.614628364,MFN2,13,1,399273,2116,1,1.11,,,,,,,,,,,,,,
ILMN_1778144,rs17615703,rs3782908,414402,279481,503064,262097,503064,1,0.696072981,0.061920551,FLJ20489,12,12,376996,364738,12,1.11,,,,,,,,,,,,,,
ILMN_1778144,rs4792199,rs3782908,422426,284743,513372,266962,513372,1,0.019498568,0.193498557,FLJ20489,17,12,450573,364738,12,1.11,,,,,,,,,,,,,,
ILMN_1778144,rs4984440,rs3782908,420726,283639,511282,265951,511282,1,0.472481187,0.305293396,FLJ20489,15,12,431951,364738,12,1.11,,,,,,,,,,,,,,
ILMN_1778144,rs7204135,rs3782908,420691,283658,511337,265944,511337,1,0.171313609,0.381439379,FLJ20489,16,12,439852,364738,12,1.11,,,,,,,,,,,,,,
ILMN_2084825,rs11078523,rs16912979,410149,260296,512606,238813,512606,1,0.410393915,0.014624898,HBG2,17,11,449852,330760,11,1.11,,,,,,,,,,,,,,
ILMN_1663142,rs429790,rs7313235,388417,219955,510786,190212,510786,1,1.282603599,0.070674327,CLEC12A,16,12,447388,357456,12,1.11,,,,,,,,,,,,,,
ILMN_1778144,rs3782908,rs897511,407136,274607,494790,257501,494790,1,0.107945436,0.03483381,FLJ20489,12,4,364738,146092,12,1.11,,,,,,,,,,,,,,
ILMN_2398939,rs139568,rs2051344,423893,281212,518777,262321,518777,1,0.231699064,0.02841831,MBP,22,18,512940,477268,18,1.11,,,,,,,,,,,,,,
ILMN_2398939,rs2051344,rs1125539,400600,265837,490580,247986,490580,1,0.758516748,0.016024321,MBP,18,3,477268,111198,18,1.11,,,,,,,,,,,,,,
ILMN_2398939,rs2051344,rs2619046,403774,268015,494005,250016,494005,1,0.497692461,0.149415273,MBP,18,5,477268,160531,18,1.11,,,,,,,,,,,,,,
ILMN_2398939,rs4805021,rs2051344,422820,280413,517542,261612,517542,1,0.470338581,0.026133643,MBP,19,18,482613,477268,18,1.11,,,,,,,,,,,,,,
ILMN_1812552,rs493642,rs10736812,370966,189348,502993,154873,502993,1,0.898766559,0.361700129,PHCA,11,11,352088,342815,11,1.11,,,,,,,,,,,,,,
ILMN_1678939,rs10435352,rs1883613,406135,267821,497641,249849,497641,1,0.149140447,0.838386399,VNN2,7,6,238497,210587,6,1.64,,,,,,,,,,,,,,
ILMN_1770290,rs3752237,rs7336017,419076,281846,507599,264877,507599,1,0.280806168,1.915622937,CNN2,19,13,478194,390306,19,1.67,,,,,,,,,,,,,,
ILMN_1762103,rs9554833,rs7619193,410378,261853,506991,242468,506991,1,0.611876209,0.176913041,WDR48,13,3,397449,91936,3,1.68,,,,,,,,,,,,,,
ILMN_1770290,rs3752237,rs169130,422435,283970,512001,266843,512001,1,0.072120394,0.071221795,CNN2,19,16,478194,442333,19,1.68,,,,,,,,,,,,,,
ILMN_1709237,rs1107764,rs13269963,353887,152282,500746,109922,500746,1,0.584447334,0.198416526,EPHX2,11,8,353227,257010,8,1.7,,,,,,,,,,,,,,
ILMN_1762103,rs1887778,rs883349,411246,270743,501914,253200,501914,1,1.349786129,0.567936219,WDR48,9,3,300909,91940,3,1.7,,,,,,,,,,,,,,
ILMN_2210729,rs4073164,rs17685,393126,221617,509898,194362,509898,1,0.16901131,0.567923209,STYXL1,14,7,417601,233498,7,1.7,,,,,,,,,,,,,,
ILMN_1762103,rs1388935,rs6778963,399574,254269,494849,235035,494849,1,0.12835182,0.188730426,WDR48,4,3,150433,91944,3,1.71,,,,,,,,,,,,,,
ILMN_1762594,rs2967636,rs9302752,407733,253375,518014,229277,518014,1,0.038754817,0.240554494,NOD2,19,16,479204,439859,16,1.71,,,,,,,,,,,,,,
ILMN_1665982,rs7189819,rs1362032,385210,230305,497574,202983,497574,1,0.198326039,0.706297384,AKTIP,16,7,440382,241635,16,1.72,,,,,,,,,,,,,,
ILMN_1665982,rs7189819,rs1473017,382623,228945,494313,201713,494313,1,0.300327269,0.271609296,AKTIP,16,4,440382,148054,16,1.72,,,,,,,,,,,,,,
ILMN_1784040,rs1405655,rs930280,395934,229440,501527,206866,501527,1,0.101539541,0.815501946,NAPSA,19,9,485113,293140,19,1.72,,,,,,,,,,,,,,
ILMN_3194087,rs555812,rs4654783,408336,255211,511065,234290,511065,1,NA,NA,HSPC157,16,1,448730,4124,1,1.73,,,,,,,,,,,,,,
ILMN_3194087,rs6063164,rs4654783,410294,256561,513516,235489,513516,1,NA,NA,HSPC157,20,1,496126,4124,1,1.73,,,,,,,,,,,,,,
ILMN_3194087,rs662739,rs4654783,400732,250657,501157,230175,501157,1,NA,NA,HSPC157,12,1,377854,4124,1,1.73,,,,,,,,,,,,,,
ILMN_3194087,rs7088558,rs4654783,399310,249781,499226,229387,499226,1,NA,NA,HSPC157,10,1,322534,4124,1,1.73,,,,,,,,,,,,,,
ILMN_1653205,rs12429804,rs2896452,383323,213815,507099,183628,507099,1,0.022777866,0.285847363,C8ORF59,13,8,384604,265704,8,1.78,,,,,,,,,,,,,,
ILMN_1653205,rs12454561,rs2896452,386460,215536,511390,185098,511390,1,NA,0.309802756,C8ORF59,18,8,467996,265704,8,1.78,,,,,,,,,,,,,,
ILMN_1653205,rs2896452,rs1004564,373839,208706,494954,179170,494954,1,0.176386805,0.378335302,C8ORF59,8,4,265704,128383,8,1.78,,,,,,,,,,,,,,
ILMN_1653205,rs7152284,rs2896452,385471,215221,509793,184859,509793,1,0.071247165,2.18444226,C8ORF59,14,8,406922,265704,8,1.78,,,,,,,,,,,,,,
ILMN_1653205,rs8051751,rs2896452,386341,215644,511501,185188,511501,1,0.179146985,1.385730067,C8ORF59,16,8,434964,265704,8,1.78,,,,,,,,,,,,,,
ILMN_2134224,rs4284750,rs873870,431013,288991,519614,272498,519614,2,3.252848036,12.17637358,ATP13A1,19,19,481161,481151,19,1.82,,,,,,,,,,,,,,
ILMN_2393450,rs11089825,rs4983382,379454,185528,519972,147981,519972,1,0.836355756,0.601613158,C14ORF173,22,14,512300,417642,14,1.86,,,,,,,,,,,,,,
ILMN_2393450,rs3935344,rs4983382,373705,182549,512040,145602,512040,1,0.27903445,0.312988317,C14ORF173,15,14,430592,417642,14,1.86,,,,,,,,,,,,,,
ILMN_2393450,rs4983382,rs10754644,356445,174346,487514,139304,487514,1,0.337229516,0.424032668,C14ORF173,14,1,417642,37785,14,1.86,,,,,,,,,,,,,,
ILMN_1804148,rs1940400,rs17725246,344660,158285,501082,116441,501082,1,1.342763565,0.062656297,TMED4,11,7,354378,229632,7,1.88,,,,,,,,,,,,,,
ILMN_1672443,rs4946705,rs10020773,359732,176662,490646,140585,490646,1,1.247356158,1.031979141,QDPR,6,4,205677,122423,4,1.92,,,,,,,,,,,,,,
ILMN_1743049,rs2353567,rs11036212,330885,128368,508839,70900,508839,2,0.484629323,0.030229883,PWP1,14,11,415699,330739,12,1.94,,,,,,,,,,,,,,
ILMN_1743049,rs4969205,rs11036212,333235,129022,512582,71323,512582,1,0.084687296,0.804874574,PWP1,17,11,461599,330739,12,1.95,,,,,,,,,,,,,,
ILMN_1743049,rs631562,rs11036212,327065,126696,502993,69984,502993,1,0.400611086,0.020681302,PWP1,11,11,353032,330739,12,1.95,,,,,,,,,,,,,,
ILMN_1675038,rs1029231,rs958127,373358,173515,511428,137442,511428,1,0.029015676,0.186321592,PRMT2,21,18,507697,468042,21,2.13,,,,,,,,,,,,,,
ILMN_1710752,rs2123758,rs2786014,390696,246651,487109,226588,487109,1,0.482905894,0.065067349,NAPRT1,8,1,277063,36963,8,2.14,,,,,,,,,,,,,,
ILMN_1710752,rs2123758,rs3889129,400103,252484,499152,231821,499152,1,16.07808965,15.11688591,NAPRT1,8,8,277063,277044,8,2.14,,,,,,,,,,,,,,
ILMN_1710752,rs2123758,rs6455553,394310,249075,491422,228795,491422,1,0.762444095,0.869944086,NAPRT1,8,6,277063,218343,8,2.14,,,,,,,,,,,,,,
ILMN_1710752,rs4743420,rs2123758,402637,254090,502205,233271,502205,1,0.170595972,0.122695816,NAPRT1,9,8,294004,277063,8,2.14,,,,,,,,,,,,,,
ILMN_1710752,rs2123758,rs4862705,396759,250372,495143,229820,495143,1,0.19454775,1.271173946,NAPRT1,8,4,277063,150145,8,2.15,,,,,,,,,,,,,,
ILMN_1710752,rs2123758,rs700276,399655,251981,498404,231401,498404,1,2.577902571,1.096466864,NAPRT1,8,7,277063,245180,8,2.15,,,,,,,,,,,,,,
ILMN_1710752,rs2123758,rs7571561,388206,245013,484484,224892,484484,1,0.46893946,0.128970561,NAPRT1,8,2,277063,76887,8,2.15,,,,,,,,,,,,,,
ILMN_1710752,rs2208123,rs2123758,416265,262633,519567,241036,519567,1,0.882635548,0.294616639,NAPRT1,22,8,514563,277063,8,2.15,,,,,,,,,,,,,,
ILMN_3231952,rs12947580,rs8079215,406962,251058,515007,228113,515007,1,NA,NA,ARL17B,17,17,461397,455823,17,2.15,,,,,,,,,,,,,,
ILMN_3231952,rs2834541,rs8079215,410600,253325,519564,230126,519564,1,NA,NA,ARL17B,21,17,504513,455823,17,2.15,,,,,,,,,,,,,,
ILMN_3231952,rs8079215,rs1950646,403352,249028,510039,226324,510039,1,NA,NA,ARL17B,17,14,455823,415366,17,2.16,,,,,,,,,,,,,,
ILMN_3231952,rs8079215,rs2197777,396915,244948,501839,222638,501839,1,NA,NA,ARL17B,17,12,455823,378505,17,2.16,,,,,,,,,,,,,,
ILMN_3231952,rs8079215,rs2684789,404295,249389,511692,226504,511692,1,NA,NA,ARL17B,17,15,455823,432550,17,2.16,,,,,,,,,,,,,,
ILMN_3231952,rs8079215,rs9834627,387913,239526,491427,217497,491427,1,NA,NA,ARL17B,17,3,455823,117703,17,2.17,,,,,,,,,,,,,,
ILMN_2109416,rs1405655,rs7577137,381730,221399,483806,199400,483806,1,0.438985474,2.105541844,NAPSB,19,2,485113,81027,19,2.18,,,,,,,,,,,,,,
ILMN_2109416,rs1405655,rs10882406,394358,228931,499173,206323,499173,1,1.101672091,0.670081569,NAPSB,19,10,485113,321442,19,2.19,,,,,,,,,,,,,,
ILMN_1720059,rs4765451,rs8180944,401451,248201,501036,227285,501036,1,3.128382372,0.387838868,HMBOX1,12,8,378838,257325,8,2.21,,,,,,,,,,,,,,
ILMN_1720059,rs9521666,rs8180944,405657,250908,506542,229716,506542,1,0.256286851,0.672662537,HMBOX1,13,8,399695,257325,8,2.21,,,,,,,,,,,,,,
ILMN_1720059,rs8180944,rs4553956,392358,242801,490624,222193,490624,1,0.028981648,3.376838344,HMBOX1,8,3,257325,117283,8,2.22,,,,,,,,,,,,,,
ILMN_1720059,rs8180944,rs7810884,398584,246413,497658,225649,497658,1,0.664733126,0.344293743,HMBOX1,8,7,257325,247761,8,2.22,,,,,,,,,,,,,,
ILMN_1738784,rs7757871,rs12120009,346365,156475,490589,119315,490589,1,0.055832059,0.365210503,PPP2R5A,6,1,211000,32514,1,2.23,,,,,,,,,,,,,,
ILMN_1738784,rs7871178,rs12120009,353454,159895,501372,121789,501372,1,0.303409392,0.163865035,PPP2R5A,9,1,285275,32514,1,2.23,,,,,,,,,,,,,,
ILMN_2246661,rs1560104,rs344363,304987,74560,512972,18491,512972,1,1.38262821,NA,FAHD1,16,16,436581,433691,16,2.23,,,,,,,,,,,,,,
ILMN_1704730,rs4813479,rs2873420,385328,227355,497672,203019,497672,1,NA,NA,CD93,20,8,492957,275154,20,2.24,,,,,,,,,,,,,,
ILMN_1704730,rs4813479,rs4328531,395883,233721,511381,208639,511381,1,NA,NA,CD93,20,18,492957,477202,20,2.24,,,,,,,,,,,,,,
ILMN_1738784,rs10930170,rs12120009,340899,154018,483651,117434,483651,1,0.478022754,0.720046064,PPP2R5A,2,1,69315,32514,1,2.24,,,,,,,,,,,,,,
ILMN_1738784,rs12423255,rs12120009,353488,159690,500949,121615,500949,1,0.95276522,0.079540703,PPP2R5A,12,1,378123,32514,1,2.24,,,,,,,,,,,,,,
ILMN_1738784,rs1889083,rs12120009,357150,161495,506455,123045,506455,1,0.128274791,0.355198508,PPP2R5A,13,1,390009,32514,1,2.24,,,,,,,,,,,,,,
ILMN_1738784,rs682334,rs12120009,353182,159402,500878,121444,500878,1,0.277527352,1.692401615,PPP2R5A,11,1,349099,32514,1,2.24,,,,,,,,,,,,,,
ILMN_1704730,rs4813479,rs10925747,377334,222899,486911,199132,486911,1,NA,NA,CD93,20,1,492957,37825,20,2.25,,,,,,,,,,,,,,
ILMN_1704730,rs4813479,rs4789981,397329,234566,513527,209406,513527,1,NA,NA,CD93,20,17,492957,461772,20,2.25,,,,,,,,,,,,,,
ILMN_1814650,rs1278760,rs3916581,388757,223330,506390,195648,506390,1,0.395526724,0.282323207,TRAPPC4,13,11,400304,351247,11,2.28,,,,,,,,,,,,,,
ILMN_1814650,rs1793823,rs3916581,386069,221728,502993,194202,502993,1,0.014986465,0.932882756,TRAPPC4,11,11,353933,351247,11,2.28,,,,,,,,,,,,,,
ILMN_2313158,rs16864367,rs13079208,381958,224701,492652,200393,492652,2,24.74045805,16.2487549,MBNL1,3,3,110710,110689,3,2.28,,,,,,,,,,,,,,
ILMN_2313158,rs4939558,rs1522374,396480,233611,510999,208122,510999,2,0.271207135,0.033009654,MBNL1,18,3,470888,110711,3,2.28,,,,,,,,,,,,,,
ILMN_2313158,rs6128397,rs16864367,398327,234442,513562,209053,513562,2,1.150915535,1.337370303,MBNL1,20,3,498738,110710,3,2.29,,,,,,,,,,,,,,
ILMN_1720059,rs12435486,rs7837237,410645,258027,509231,237712,509231,1,1.108381473,0.919402251,HMBOX1,14,8,416520,257323,8,2.38,,,,,,,,,,,,,,
ILMN_1720059,rs587639,rs7837237,402301,252637,499152,232632,499152,1,0.344341132,0.54779219,HMBOX1,8,8,274088,257323,8,2.39,,,,,,,,,,,,,,
ILMN_1720059,rs2837803,rs4732890,417240,261131,518754,240084,518754,1,1.005377102,0.051506553,HMBOX1,21,8,506081,257319,8,2.41,,,,,,,,,,,,,,
ILMN_1799381,rs2634462,rs6486334,388540,219509,502993,193561,502993,2,10.96274554,13.11072306,SNORD14A,11,11,333609,333586,11,2.45,,,,,,,,,,,,,,
ILMN_1786426,rs807491,rs7254601,380810,183597,519614,148046,519614,1,45.7795626,81.54945919,TMEM149,19,19,483171,483155,19,2.69,,,,,,,,,,,,,,
ILMN_1675038,rs2839372,rs11701058,354634,135159,520789,85893,520789,2,4.466993855,0.690367248,PRMT2,21,21,507736,507669,21,2.77,,,,,,,,,,,,,,
ILMN_2283325,rs9290426,rs12065581,298925,73909,490738,22159,490738,1,0.235432993,0.009685693,GPR177,3,1,113790,11854,1,2.91,,,,,,,,,,,,,,
ILMN_2283325,rs6566669,rs12065581,311404,77099,510947,23151,510947,1,0.341380687,0.24328478,GPR177,18,1,476161,11854,1,2.94,,,,,,,,,,,,,,
ILMN_1660549,rs12532999,rs12065581,303583,74959,497772,22496,497772,1,1.433885851,0.793833747,GPR177,7,1,242078,11854,1,3.05,,,,,,,,,,,,,,
ILMN_1660549,rs12527241,rs12065581,299669,74151,490790,22270,490790,1,0.399699552,0.168956498,GPR177,6,1,208141,11854,1,3.06,,,,,,,,,,,,,,
ILMN_1660549,rs11057383,rs12065581,305623,75499,501150,22573,501150,1,0.670610883,0.717616854,GPR177,12,1,378204,11854,1,3.07,,,,,,,,,,,,,,
ILMN_1660549,rs9575097,rs12065581,308981,76454,506656,22964,506656,1,0.214239977,0.953536209,GPR177,13,1,393428,11854,1,3.07,,,,,,,,,,,,,,
ILMN_1660549,rs725613,rs12065581,311328,77013,511058,23116,511058,1,0.111692658,0.3080004,GPR177,16,1,436173,11854,1,3.09,,,,,,,,,,,,,,
ILMN_2152178,rs7178375,rs12431444,280113,67432,509323,4688,509323,2,1.867617708,1.874806883,MTMR15,15,14,419194,405102,15,3.2,,,,,,,,,,,,,,
ILMN_1704730,rs1884655,rs7622580,327930,136373,491172,95430,491172,1,0.272890815,0.044486632,CD93,20,3,492956,118560,20,3.29,,,,,,,,,,,,,,
ILMN_1704730,rs1884655,rs838875,335573,139452,501584,97712,501584,1,1.671471936,0.242509498,CD93,20,12,492956,378380,20,3.29,,,,,,,,,,,,,,
ILMN_1704730,rs2868504,rs1884655,344829,143115,515423,100423,515423,1,0.74518968,0.643731316,CD93,20,20,494270,492956,20,3.3,,,,,,,,,,,,,,
ILMN_1704730,rs1884655,rs9576388,339194,140998,507090,98830,507090,1,0.218922437,0.714614971,CD93,20,13,492956,385011,20,3.31,,,,,,,,,,,,,,
ILMN_1704730,rs1884655,rs10255470,332852,138681,498206,97045,498206,1,0.240139092,1.738401433,CD93,20,7,492956,247518,20,3.32,,,,,,,,,,,,,,
ILMN_1704730,rs1884655,rs4696726,330753,137756,494945,96625,494945,1,0.801839133,0.12640442,CD93,20,4,492956,120431,20,3.33,,,,,,,,,,,,,,
ILMN_2313158,rs11053043,rs13069559,319895,95970,501206,46514,501206,1,2.211734071,0.079027986,MBNL1,12,3,357400,110699,3,3.34,,,,,,,,,,,,,,
ILMN_2313158,rs4392535,rs13069559,315312,94706,494567,46009,494567,1,4.331455758,0.022601479,MBNL1,4,3,126893,110699,3,3.34,,,,,,,,,,,,,,
ILMN_2313158,rs1164596,rs13069559,323271,96968,506712,47048,506712,1,0.626616898,1.433322478,MBNL1,13,3,396112,110699,3,3.35,,,,,,,,,,,,,,
ILMN_2313158,rs10869600,rs13069559,320096,95856,501629,46444,501629,1,0.271042182,0.788191116,MBNL1,9,3,289062,110699,3,3.36,,,,,,,,,,,,,,
ILMN_2313158,rs11981513,rs13069559,317459,95254,497828,46199,497828,1,5.361529278,0.434941565,MBNL1,7,3,236869,110699,3,3.36,,,,,,,,,,,,,,
ILMN_2313158,rs218671,rs13069559,326996,98240,513149,47584,513149,1,5.815081747,0.6226164,MBNL1,17,3,450326,110699,3,3.36,,,,,,,,,,,,,,
ILMN_2313158,rs2213360,rs13069559,330715,99357,518991,48096,518991,1,0.723581434,0.5184323,MBNL1,22,3,511488,110699,3,3.36,,,,,,,,,,,,,,
ILMN_2313158,rs2305802,rs13069559,329886,99079,517756,47999,517756,1,NA,1.669608092,MBNL1,19,3,480608,110699,3,3.36,,,,,,,,,,,,,,
ILMN_2313158,rs4735830,rs13069559,317030,95275,497294,46212,497294,1,4.206523292,0.315548126,MBNL1,8,3,248082,110699,3,3.36,,,,,,,,,,,,,,
ILMN_2313158,rs2614467,rs13069559,324902,97759,509406,47391,509406,1,2.2193667,4.13492714,MBNL1,14,3,416822,110699,3,3.37,,,,,,,,,,,,,,
ILMN_2313158,rs7710738,rs13069559,315173,94431,494219,45773,494219,1,7.88514107,2.547314962,MBNL1,5,3,155373,110699,3,3.38,,,,,,,,,,,,,,
ILMN_2313158,rs2030926,rs13069559,313680,94084,490846,45803,490846,1,5.799832966,0.906495542,MBNL1,6,3,207083,110699,3,3.39,,,,,,,,,,,,,,
ILMN_2372639,rs7246264,rs963354,323844,112107,491024,57438,491024,2,0.903553735,0.355552469,TRAPPC5,19,3,479334,111582,19,3.45,,,,,,,,,,,,,,
ILMN_2372639,rs7246264,rs1887778,331353,114772,501859,58803,501859,1,0.85861545,0.07539062,TRAPPC5,19,9,479334,300909,19,3.47,,,,,,,,,,,,,,
ILMN_2372639,rs7246264,rs10179572,319545,110648,484138,56644,484138,1,0.021176525,0.141661663,TRAPPC5,19,2,479334,79708,19,3.48,,,,,,,,,,,,,,
ILMN_2372639,rs7246264,rs12921440,337314,116953,511344,59857,511344,2,0.261109819,0.137620448,TRAPPC5,19,16,479334,439244,19,3.48,,,,,,,,,,,,,,
ILMN_1717234,rs1157079,rs7733671,340520,133475,513994,79430,513994,1,0.95540448,0.226511792,CAST,20,5,488803,167351,5,4.29,,,,,,,,,,,,,,
ILMN_1717234,rs17818702,rs7733671,332423,130459,501564,77856,501564,1,0.589670396,1.154966112,CAST,11,5,344754,167351,5,4.3,,,,,,,,,,,,,,
ILMN_1717234,rs12463169,rs7733671,343025,134641,518185,80058,518185,1,2.845520361,0.018134276,CAST,19,5,480804,167351,5,4.31,,,,,,,,,,,,,,
ILMN_1717234,rs1410575,rs7733671,332871,130206,502058,77581,502058,1,1.343384358,0.128261707,CAST,9,5,289069,167351,5,4.31,,,,,,,,,,,,,,
ILMN_1717234,rs166444,rs7733671,329618,129431,497723,77000,497723,1,0.52456521,0.270435613,CAST,8,5,264554,167351,5,4.31,,,,,,,,,,,,,,
ILMN_1717234,rs7474890,rs7733671,331128,129965,499704,77263,499704,1,0.120539901,0.48618341,CAST,10,5,314285,167351,5,4.31,,,,,,,,,,,,,,
ILMN_1717234,rs7733671,rs10802643,322662,126736,486962,75369,486962,1,0.781922639,0.748992037,CAST,5,1,167351,37643,5,4.31,,,,,,,,,,,,,,
ILMN_1717234,rs7733671,rs2203733,320643,125869,484337,74956,484337,1,0.865506588,0.215060043,CAST,5,2,167351,78919,5,4.31,,,,,,,,,,,,,,
ILMN_1717234,rs7733671,rs2641772,325246,127229,491223,75695,491223,1,0.262309481,0.185032707,CAST,5,3,167351,118394,5,4.31,,,,,,,,,,,,,,
ILMN_1717234,rs12599264,rs7733671,338742,132872,511543,79066,511543,1,NA,NA,CAST,16,5,446135,167351,5,4.32,,,,,,,,,,,,,,
ILMN_1717234,rs12719343,rs7733671,328523,128758,496077,76509,496077,1,1.566867091,0.359295768,CAST,5,5,172758,167351,5,4.32,,,,,,,,,,,,,,
ILMN_1717234,rs17648036,rs7733671,338749,132939,511488,79077,511488,1,0.029278531,0.96988253,CAST,15,5,418644,167351,5,4.32,,,,,,,,,,,,,,
ILMN_1717234,rs227402,rs7733671,337887,132475,509835,78828,509835,1,0.008295436,0.114385301,CAST,14,5,410390,167351,5,4.32,,,,,,,,,,,,,,
ILMN_1717234,rs2822124,rs7733671,343996,134807,519360,80189,519360,1,NA,NA,CAST,21,5,500034,167351,5,4.32,,,,,,,,,,,,,,
ILMN_1717234,rs7733671,rs12650909,327812,128747,494996,76664,494996,1,0.775688901,0.23479124,CAST,5,4,167351,146591,5,4.32,,,,,,,,,,,,,,
ILMN_1717234,rs3757155,rs7733671,326115,127761,491275,76206,491275,1,0.328123856,0.072226453,CAST,6,5,211213,167351,5,4.33,,,,,,,,,,,,,,
ILMN_1717234,rs4503014,rs7733671,330092,129579,498257,77104,498257,1,1.560808229,0.921112998,CAST,7,5,226775,167351,5,4.33,,,,,,,,,,,,,,
ILMN_2372639,rs17159840,rs7694997,316186,110363,494797,50115,494797,1,0.360264652,0.199863817,TRAPPC5,19,4,479330,120735,19,4.37,,,,,,,,,,,,,,
ILMN_2372639,rs17159840,rs7800935,317925,111518,498058,50482,498058,1,0.327510878,0.145824508,TRAPPC5,19,7,479330,245271,19,4.37,,,,,,,,,,,,,,
ILMN_2372639,rs17159840,rs10059004,315621,110823,494449,50366,494449,1,1.600801568,0.213223579,TRAPPC5,19,5,479330,180187,19,4.38,,,,,,,,,,,,,,
ILMN_2372639,rs17159840,rs1023095,317895,111340,497524,50659,497524,1,0.869886078,0.370792703,TRAPPC5,19,8,479330,273948,19,4.38,,,,,,,,,,,,,,
ILMN_2372639,rs17159840,rs17763599,331844,116199,519614,52826,519614,1,0.244577786,0.214162695,TRAPPC5,19,19,479330,478378,19,4.38,,,,,,,,,,,,,,
ILMN_2372639,rs17159840,rs856638,325579,114251,509636,51966,509636,1,0.068486621,0.235120126,TRAPPC5,19,14,479330,413488,19,4.38,,,,,,,,,,,,,,
ILMN_2372639,rs3916995,rs17159840,331470,116241,519161,52835,519161,1,0.783214518,0.853472106,TRAPPC5,21,19,507099,479330,19,4.38,,,,,,,,,,,,,,
ILMN_2372639,rs17159840,rs1393299,310651,109194,486763,49520,486763,1,0.473987627,0.632747708,TRAPPC5,19,1,479330,38791,19,4.39,,,,,,,,,,,,,,
ILMN_2372639,rs17159840,rs4968328,327589,114890,513379,52071,513379,1,0.384765961,0.504069342,TRAPPC5,19,17,479330,458095,19,4.4,,,,,,,,,,,,,,
ILMN_2372639,rs6040514,rs17159840,327940,115007,513795,52165,513795,1,0.546987327,0.506726162,TRAPPC5,20,19,490014,479330,19,4.4,,,,,,,,,,,,,,
ILMN_2372639,rs17159840,rs1375714,313976,109947,491076,49904,491076,1,0.18233601,0.11643698,TRAPPC5,19,6,479330,215444,19,4.41,,,,,,,,,,,,,,
ILMN_2372639,rs17159840,rs7313362,320485,112380,501436,51035,501436,1,0.648873462,0.04482129,TRAPPC5,19,12,479330,379506,19,4.41,,,,,,,,,,,,,,
ILMN_2372639,rs380708,rs17159840,331282,116330,519221,52753,519221,1,NA,NA,TRAPPC5,22,19,508843,479330,19,4.41,,,,,,,,,,,,,,
ILMN_1786426,rs8106959,rs6926382,296872,73963,491234,17097,491234,1,8.804360107,3.058914216,TMEM149,19,6,483165,216524,19,5.75,,,,,,,,,,,,,,
ILMN_1786426,rs8106959,rs914940,293914,73203,486921,16857,486921,1,6.964783127,3.362502722,TMEM149,19,1,483165,38950,19,5.76,,,,,,,,,,,,,,
ILMN_1786426,rs8106959,rs2351458,298440,74359,494955,17148,494955,1,9.610153601,0.037519901,TMEM149,19,4,483165,137487,19,5.77,,,,,,,,,,,,,,
ILMN_1786426,rs8106959,rs1401098,302765,75497,501594,17395,501594,1,0.996292593,2.411960415,TMEM149,19,12,483165,379273,19,5.78,,,,,,,,,,,,,,
ILMN_1786426,rs8106959,rs17719594,307577,76769,509794,17692,509794,1,0.773486968,3.058599788,TMEM149,19,14,483165,414535,19,5.78,,,,,,,,,,,,,,
ILMN_1786426,rs8106959,rs2539000,300678,74810,498216,17250,498216,1,1.516844759,1.572134508,TMEM149,19,7,483165,245515,19,5.78,,,,,,,,,,,,,,
ILMN_1786426,rs8106959,rs471728,302723,75151,501523,17336,501523,1,3.621078755,0.902353864,TMEM149,19,11,483165,353621,19,5.78,,,,,,,,,,,,,,
ILMN_1786426,rs2839013,rs8106959,313171,78122,519319,17980,519319,1,0.483878884,0.158143707,TMEM149,21,19,507549,483165,19,5.79,,,,,,,,,,,,,,
ILMN_1786426,rs8106959,rs1843357,299871,75148,497682,17345,497682,1,3.331338132,3.724930378,TMEM149,19,8,483165,252775,19,5.79,,,,,,,,,,,,,,
ILMN_1786426,rs6090518,rs8106959,310020,77341,513953,17874,513953,1,NA,0.759699278,TMEM149,20,19,495829,483165,19,5.81,,,,,,,,,,,,,,
ILMN_1786426,rs8106959,rs2731711,298467,74311,494607,17177,494607,1,0.331570665,0.189885354,TMEM149,19,5,483165,181461,19,5.82,,,,,,,,,,,,,,
ILMN_1786426,rs8106959,rs6718480,292139,72818,484296,16805,484296,1,5.154521969,3.305729502,TMEM149,19,2,483165,80806,19,5.82,,,,,,,,,,,,,,
ILMN_1786426,rs8106959,rs7213338,309377,77408,513537,17777,513537,1,3.135026266,0.068947425,TMEM149,19,17,483165,462278,19,5.82,,,,,,,,,,,,,,
ILMN_1786426,rs8106959,rs9509428,305950,76327,507100,17596,507100,1,5.752509688,0.103897274,TMEM149,19,13,483165,380931,19,5.82,,,,,,,,,,,,,,
ILMN_1786426,rs5762235,rs8106959,312796,78325,519379,17996,519379,1,NA,NA,TMEM149,22,19,510171,483165,19,5.83,,,,,,,,,,,,,,
ILMN_1786426,rs8106959,rs10819626,302549,75612,502017,17372,502017,1,0.993574691,0.399040875,TMEM149,19,9,483165,300570,19,5.83,,,,,,,,,,,,,,
ILMN_1786426,rs8106959,rs10937361,295552,74102,491182,17076,491182,1,1.18442023,3.613869751,TMEM149,19,3,483165,117001,19,5.83,,,,,,,,,,,,,,
ILMN_1786426,rs8106959,rs1557335,308193,77045,511391,17710,511391,1,0.071125923,0.081406637,TMEM149,19,18,483165,474622,19,5.84,,,,,,,,,,,,,,
ILMN_1786426,rs8106959,rs10508289,301747,75104,499663,17369,499663,1,3.088045787,1.547640769,TMEM149,19,10,483165,303554,19,5.85,,,,,,,,,,,,,,
ILMN_1698777,rs12431896,rs4833241,246554,54410,494337,0,494337,1,1.14072129,0.357311641,ADCK1,14,4,411952,139119,14,NA,,,,,,,,,,,,,,
ILMN_1698777,rs8058066,rs12431896,254650,56283,510884,0,510884,1,0.831182725,2.042982694,ADCK1,16,14,448641,411952,14,NA,,,,,,,,,,,,,,