snp1,snp2,probe,gene,X8df_p_original,X4df_p_original,R2_original,snp1.1,snp2.1,rsq,df1,df2,fullP,intP,nclass,minclass,R2_new
rs10824092,rs2395095,ILMN_2358626,ADK,17.58644,6.689165,4.08,chr10:76441407:I,rs10740420,0.1254,8,837,17.5367,7.8812,9,12,4.83
rs873870,rs4284750,ILMN_2134224,ATP13A1,15.97108,5.302018,3.36,rs4284750,rs12609436,0.0801,8,837,16.8986,6.887,9,14,4.31
rs11701361,rs9978658,ILMN_1795836,C21ORF57,16.33256,9.416618,5.46,rs9978658,rs11701361,0.1776,8,837,16.3325,10.246,9,7,6.04
rs3761385,rs9979356,ILMN_1761797,CSTB,17.24982,11.99107,6.72,rs55896634,rs3761385,0.1848,8,837,16.9579,12.9642,9,7,7.39
rs556895,rs7930237,ILMN_2242463,CTSC,19.71642,7.157984,4.33,rs144592494,rs556895,-0.0638,8,837,18.8529,7.9687,9,10,4.88
rs9892064,rs898095,ILMN_1652333,FN3KRP,19.18007,16.16321,8.66,rs2125479,chr17:80836390:D,-0.237,8,837,20.0096,17.909,9,28,9.72
rs12602462,rs11150847,ILMN_2410783,GAA,16.02563,13.90825,7.62,rs7211994,rs8074213,-0.0887,8,837,19.4647,15.9784,9,25,8.83
rs4700810,rs6894268,ILMN_2101920,HNRPH1,17.09803,15.37986,8.31,rs11741546,chr5:178988213:D,0.065,8,837,19.945,16.5114,9,19,9.08
rs10900520,rs1891432,ILMN_1769782,LAX1,28.96989,19.15522,10,rs2810604,rs12026395,-0.0709,8,837,9.5326,7.5921,9,6,4.68
rs13069559,rs11981513,ILMN_2313158,MBNL1,27.39009,7.713774,4.61,chr7:94652836:D,rs13069559,-0.0081,8,837,27.6542,8.9404,9,6,5.38
rs13079208,rs16864367,ILMN_2313158,MBNL1,27.5975,13.49082,7.43,rs67713752,rs13079208,-0.2117,8,837,27.1357,15.5787,9,11,8.64
rs13069559,rs2030926,ILMN_2313158,MBNL1,27.24309,7.104159,4.3,rs7751937,rs13069559,0.0131,8,837,23.9488,9.4457,9,7,5.64
rs13069559,rs218671,ILMN_2313158,MBNL1,28.19972,7.627609,4.57,rs1876729,rs7618154,-0.0086,8,837,24.5448,8.5137,9,6,5.16
rs13069559,rs2614467,ILMN_2313158,MBNL1,26.89545,5.736753,3.59,rs2693719,rs13069559,-0.0143,8,837,26.8959,6.248,9,8,3.97
rs13069559,rs7710738,ILMN_2313158,MBNL1,27.99183,7.918108,4.71,rs7447836,rs13069559,0.099,8,837,28.0312,8.7506,9,7,5.28
rs4890876,rs8092433,ILMN_2398939,MBP,16.91767,5.400173,3.41,rs4890879,rs2282573,-0.3243,8,837,16.4102,6.3811,9,26,4.04
rs3889129,rs2123758,ILMN_1710752,NAPRT1,39.42852,8.447957,4.98,chr8:144660696:I,rs746383,-0.288,8,837,32.0833,9.4942,9,6,5.66
rs4973397,rs7563453,ILMN_2121437,NCL,15.93729,7.307395,4.4,rs7369641,rs4973396,0.128,8,837,14.198,8.8046,9,12,5.31
rs11701058,rs2839372,ILMN_1675038,PRMT2,16.65412,4.81221,3.09,rs2300410,rs67986301,0.0778,8,837,12.4935,8.0108,9,13,4.9
rs6486334,rs2634462,ILMN_1799381,SNORD14A,16.28815,7.311552,4.4,rs6486362,rs4757475,0.0968,8,837,17.0785,9.214,9,12,5.52
rs7254601,rs807491,ILMN_1786426,TMEM149,60.48695,12.15813,6.8,rs807489,rs7254601,0.0245,8,837,59.7337,13.8413,9,8,7.81
rs1843357,rs8106959,ILMN_1786426,TMEM149,58.99717,6.213989,3.84,rs34031911,rs13275389,-0.0034,8,837,58.02,6.8598,9,6,4.29
rs2351458,rs8106959,ILMN_1786426,TMEM149,60.74841,7.302894,4.4,rs28373672,rs6848122,0.033,8,837,38.8287,8.6258,9,7,5.22
rs6718480,rs8106959,ILMN_1786426,TMEM149,61.25169,8.550206,5.03,rs34031911,rs13396115,-0.0036,8,837,58.7042,7.9603,9,6,4.87
rs6926382,rs8106959,ILMN_1786426,TMEM149,59.14216,5.795561,3.62,rs34031911,rs6926382,-0.0457,8,837,59.1421,6.9756,9,6,4.36
rs914940,rs8106959,ILMN_1786426,TMEM149,59.58532,6.217365,3.84,rs34031911,rs914940,0.0388,8,837,59.5852,6.9421,9,7,4.34
rs9509428,rs8106959,ILMN_1786426,TMEM149,62.98284,9.440014,5.48,rs28373672,rs12861916,-0.0058,8,837,38.8662,11.234,9,6,6.54
rs2276470,rs1264226,ILMN_1743646,VASP,15.58311,5.091684,3.24,rs1264231,chr19:45983182:I,-0.0293,8,837,32.3773,10.7882,9,29,6.32
