,snp1,snp2,probe,gene,8df_p_original,4df_p_original,R2_original,snp1,snp2,rsq,df1,df2,fullP,intP,nclass,minclass,probe,R2_new
1,rs10824092,rs2395095,ILMN_2358626,ADK,17.58644,6.689165,0,rs1556822,rs10740420,0.0207,8,837,2.5889,2.6089,9,8,ILMN_2358626,0
2,rs873870,rs4284750,ILMN_2134224,ATP13A1,15.97108,5.302018,0,rs11668053,rs12609436,-0.0065,8,837,0.5966,0.6691,9,29,ILMN_2134224,0
3,rs11701361,rs9978658,ILMN_1795836,C21ORF57,16.33256,9.416618,0,rs2255688,rs13046680,0.0611,8,837,1.8463,2.1906,9,20,ILMN_1795836,0
4,rs3761385,rs9979356,ILMN_1761797,CSTB,17.24982,11.99107,0,rs188688123,rs4819311,0.1117,8,837,1.6947,2.784,9,6,ILMN_1761797,0
5,rs556895,rs7930237,ILMN_2242463,CTSC,19.71642,7.157984,0,rs144592494,rs556895,-0.0638,8,837,16.543,4.1715,9,10,ILMN_2242463,0
6,rs9892064,rs898095,ILMN_1652333,FN3KRP,19.18007,16.16321,0,0,0,0,0,0,0,0,0,0,0,0
7,rs12602462,rs11150847,ILMN_2410783,GAA,16.02563,13.90825,0,rs12602462,rs11150847,-0.0177,8,837,12.1455,6.4999,9,27,ILMN_2410783,0
8,rs4700810,rs6894268,ILMN_2101920,HNRPH1,17.09803,15.37986,0,rs6894268,chr5:178996129:I,-0.0213,8,837,4.8877,3.9358,9,12,ILMN_2101920,0
9,rs10900520,rs1891432,ILMN_1769782,LAX1,28.96989,19.15522,0,rs2810604,rs6699480,-0.2177,8,837,0.0153,0.0886,9,7,ILMN_1769782,0
10,rs13069559,rs11981513,ILMN_2313158,MBNL1,27.39009,7.713774,0,rs854736,rs13069559,-0.0502,8,837,1.8625,2.7642,9,6,ILMN_2313158,0
11,rs13079208,rs16864367,ILMN_2313158,MBNL1,27.5975,13.49082,0,rs67713752,rs13079208,-0.2117,8,837,2.994,2.4942,9,11,ILMN_2313158,0
12,rs13069559,rs2030926,ILMN_2313158,MBNL1,27.24309,7.104159,0,chr6:114074913:D,rs4992533,0.0558,8,837,1.3423,1.6644,9,10,ILMN_2313158,0
13,rs13069559,rs218671,ILMN_2313158,MBNL1,28.19972,7.627609,0,rs9635709,rs4622883,3e-04,8,837,3.0444,2.464,9,13,ILMN_2313158,0
14,rs13069559,rs2614467,ILMN_2313158,MBNL1,26.89545,5.736753,0,rs1271607,rs4513429,-0.0719,8,837,1.9507,3.1762,9,8,ILMN_2313158,0
15,rs13069559,rs7710738,ILMN_2313158,MBNL1,27.99183,7.918108,0,rs7447836,rs4513429,-0.0863,8,837,1.4024,2.0748,9,21,ILMN_2313158,0
16,rs4890876,rs8092433,ILMN_2398939,MBP,16.91767,5.400173,0,rs2282570,rs7232502,-0.3217,8,837,2.3369,1.13,9,7,ILMN_2398939,0
17,rs3889129,rs2123758,ILMN_1710752,NAPRT1,39.42852,8.447957,0,chr8:144660696:I,rs746383,-0.288,8,837,2.5371,1.5271,9,6,ILMN_1710752,0
18,rs4973397,rs7563453,ILMN_2121437,NCL,15.93729,7.307395,0,rs4973405,rs4973396,0.143,8,837,3.6402,3.0364,9,11,ILMN_2121437,0
19,rs11701058,rs2839372,ILMN_1675038,PRMT2,16.65412,4.81221,0,rs2300410,rs67986301,0.0778,8,837,11.594,5.4879,9,13,ILMN_1675038,0
20,rs6486334,rs2634462,ILMN_1799381,SNORD14A,16.28815,7.311552,0,rs6486362,rs11024103,0.0941,8,837,1.5481,1.5507,9,9,ILMN_1799381,0
21,rs7254601,rs807491,ILMN_1786426,TMEM149,60.48695,12.15813,0,rs231222,rs7254601,0.0233,8,837,0.9579,1.4377,9,8,ILMN_1786426,0
22,rs1843357,rs8106959,ILMN_1786426,TMEM149,58.99717,6.213989,0,rs34031911,rs9643966,0.0274,8,837,1.1164,1.5159,9,6,ILMN_1786426,0
23,rs2351458,rs8106959,ILMN_1786426,TMEM149,60.74841,7.302894,0,rs2280743,rs7664678,0.0555,8,837,2.8838,2.142,9,6,ILMN_1786426,0
24,rs6718480,rs8106959,ILMN_1786426,TMEM149,61.25169,8.550206,0,rs2280743,rs12694921,-0.024,8,837,2.1599,2.3653,9,11,ILMN_1786426,0
25,rs6926382,rs8106959,ILMN_1786426,TMEM149,59.14216,5.795561,0,rs231592,rs1321849,-0.0067,8,837,1.6692,1.276,9,11,ILMN_1786426,0
26,rs914940,rs8106959,ILMN_1786426,TMEM149,59.58532,6.217365,0,rs2280743,rs34513054,0.0193,8,837,2.3593,1.0368,9,8,ILMN_1786426,0
27,rs9509428,rs8106959,ILMN_1786426,TMEM149,62.98284,9.440014,0,rs28373672,chr13:21474943:D,8e-04,8,837,1.4667,1.6952,9,8,ILMN_1786426,0
28,rs2276470,rs1264226,ILMN_1743646,VASP,15.58311,5.091684,0,chr19:46067555:D,rs10420352,0.0953,8,837,2.2519,2.9846,9,27,ILMN_1743646,0
