snp1,snp2,rsq,df1,df2,fullP,intP,nclass,minclass
rs35285321,rs3761385,0.4797,8,837,25.5441,0.7726,9,8
rs10078796,rs4700810,0.4944,8,837,30.7604,2.5987,9,8
rs10093709,rs3889129,-0.1659,8,837,54.3611,1.5434,9,2
rs13019380,rs4973397,0.4054,7,838,12.5029,1.4023,8,4
rs28656784,rs7254601,0.6805,6,839,83.0259,0.3859,7,9
rs28656784,rs1843357,-0.0073,7,838,81.9557,0.248,8,6
rs28656784,rs2351458,-0.0053,7,838,82.2766,0.1523,8,6
rs28656784,rs6718480,0.0045,8,837,80.8806,0.0154,9,1
rs28656784,rs6926382,-0.0262,8,837,82.4645,0.3409,9,1
rs28656784,rs914940,0.0386,8,837,81.1231,0.1586,9,1
rs28656784,rs9509428,-0.0052,7,838,82.9407,0.3525,8,4
rs4803827,rs2276470,-0.3931,8,837,81.8628,1.8776,9,1
