CHR,SNP,AL1,AL2,FREQ1,TRAIT,EFFECT,SE,H2,LOD,PVALUE
10,rs67594352,T,C,0.865,ILMN_2358626_Z,-0.81,0.078,15.366,23.625,1.796e-25
19,chr19:19756073:D,1,2,1,ILMN_2134224_Z,0,1e+05,0,0,1
21,rs11702450,G,A,0.622,ILMN_1795836_Z,0.887,0.053,36.634,61.719,9.015e-64
21,rs35285321,G,A,0.693,ILMN_1761797_Z,0.703,0.054,21.206,37.263,3.308e-39
11,rs56375235,T,C,0.911,ILMN_2242463_Z,-0.578,0.09,5.465,9.01,1.184e-10
0,0,0,0,0,0,0,0,0,0,0
17,rs4889970,C,T,0.726,ILMN_2410783_Z,-0.583,0.058,13.667,21.916,9.54e-24
5,rs10078796,T,A,0.631,ILMN_2101920_Z,0.654,0.054,19.71,31.997,6.576e-34
1,rs2185079,G,A,0.684,ILMN_1769782_Z,1.004,0.055,44.233,73.118,3.303e-75
3,rs67903230,C,T,0.892,ILMN_2313158_Z,1.024,0.082,19.968,33.461,2.212e-35
3,rs67903230,C,T,0.892,ILMN_2313158_Z,1.024,0.082,19.968,33.461,2.212e-35
3,rs67903230,C,T,0.892,ILMN_2313158_Z,1.024,0.082,19.968,33.461,2.212e-35
3,rs67903230,C,T,0.892,ILMN_2313158_Z,1.024,0.082,19.968,33.461,2.212e-35
3,rs67903230,C,T,0.892,ILMN_2313158_Z,1.024,0.082,19.968,33.461,2.212e-35
3,rs67903230,C,T,0.892,ILMN_2313158_Z,1.024,0.082,19.968,33.461,2.212e-35
18,rs470929,C,T,0.6,ILMN_2398939_Z,0.644,0.05,20.232,35.908,7.629e-38
8,rs10093709,G,A,0.828,ILMN_1710752_Z,1.145,0.069,37.386,60.045,4.307e-62
2,rs13019380,T,G,0.897,ILMN_2121437_Z,0.613,0.083,6.923,11.919,1.274e-13
21,rs4819255,T,C,0.525,ILMN_1675038_Z,-0.324,0.049,5.299,9.398,4.746e-11
11,rs2354863,T,G,0.934,ILMN_1799381_Z,-1.431,0.1,25.123,44.81,8.568e-47
19,rs28656784,T,C,0.863,ILMN_1786426_Z,1.403,0.074,47.119,78.083,3.47e-80
19,rs28656784,T,C,0.863,ILMN_1786426_Z,1.403,0.074,47.119,78.083,3.47e-80
19,rs28656784,T,C,0.863,ILMN_1786426_Z,1.403,0.074,47.119,78.083,3.47e-80
19,rs28656784,T,C,0.863,ILMN_1786426_Z,1.403,0.074,47.119,78.083,3.47e-80
19,rs28656784,T,C,0.863,ILMN_1786426_Z,1.403,0.074,47.119,78.083,3.47e-80
19,rs28656784,T,C,0.863,ILMN_1786426_Z,1.403,0.074,47.119,78.083,3.47e-80
19,rs28656784,T,C,0.863,ILMN_1786426_Z,1.403,0.074,47.119,78.083,3.47e-80
19,rs4803827,C,T,0.717,ILMN_1743646_Z,-1.102,0.057,49.341,81.294,2.091e-83
