probename,snp1,snp2,nclass9,minclass5,LD01,nsnpspass,nsnps,filter,pnest_egcut,pnest_fehr,gene,chr1,chr2,pos1,pos2,probechr,lambda,nthreshold,F_empNtests,N_F_empNtests,F_emp,P_emp,Type1,pnest,neglog10pemp,n,pemp,lambdaC,lambdaF,PlamC,PlamF,egcutF,fehrF,egcutFgc,fehrFgc,pFgc_egcut,pFgc_fehr,combPFgc,cis_trans,table1
ILMN_1652333,rs898095,rs9892064,442554,336649,515007,322786,515007,2,4.05768603734963e-30,5.81668661119883e-29,FN3KRP,17,17,462354,462345,17,1.34,7,9.53,0,9.48,6.77,0.075,16.163,6.998,9942908,1.00574198212434e-07,1.34,1.13,1.09936409072864e-05,2.38560753995642e-06,Inf,Inf,Inf,Inf,1e-25,1e-25,Inf,cis_cis,Yes
ILMN_1761797,rs9979356,rs3761385,418522,263926,520789,242744,520789,2,1.91620618961597e-17,6.32290554041343e-26,CSTB,21,21,507121,507116,21,1.05,4,9.37,1,10.41,7.51,0.053,11.991,6.696,4968954,2.01249599010174e-07,1.05,1.02,3.51615720983744e-08,2.35963448780296e-08,Inf,Inf,Inf,Inf,1e-25,1e-25,Inf,cis_cis,Yes
ILMN_2398939,rs8092433,rs4890876,438013,325226,512861,311215,512861,2,1.23034705442414e-22,8.69943248581082e-08,MBP,18,18,477283,477277,18,1.19,3,9.51,0,8.38,5.9,0.066,5.4,5.354,9942632,4.42538756337356e-06,1.19,1.08,7.93496502782265e-06,3.42399205699451e-06,Inf,9.77644724827808,Inf,9.05226597062785,1e-25,3.30531631176356e-07,Inf,cis_cis,Yes
ILMN_2121437,rs7563453,rs4973397,365444,204871,485766,174927,485766,2,4.70462186085613e-07,3.12111466787477e-08,NCL,2,2,80532,80529,2,1.2,4,9.19,0,8.35,5.88,0.065,7.307,6.293,1961820,5.09730760212456e-07,1.2,1.08,2.89965502942025e-06,1.02557184744612e-06,8.90700462614758,10.3318833051032,8.2472265056922,9.5665586158363,1.56317082922186e-06,1.28116403597112e-07,12.7,cis_cis,Yes
ILMN_1798308,rs10881585,rs842647,415944,284553,501685,268126,501685,2,0.0116241461429406,0.0149620618727881,AHSA2,9,2,301487,53229,2,1.47,0,9.42,0,7.62,5.31,0.085,7.154,6.988,9735492,1.02716945378826e-07,1.47,1.18,0,2.34257058195908e-14,3.25233748625853,3.09915039593448,2.75621820869367,2.62639864062244,0.0269089410758201,0.0332159780351678,3,cis_trans,No
ILMN_2370573,rs1533031,rs12591171,431158,314439,510661,299980,510661,1,0.670678329760873,0.00414354911294428,XAF1,17,15,450341,430903,17,0.94,1,9.49,0,8.02,5.62,0.046,5.478,5.55,7805601,2.81848892865521e-06,0.94,0.98,9.00852382690331e-07,1.41418904142654e-06,0.58899997084655,3.84201133966972,0.601020378414847,3.92041973435686,0.661988266742311,0.00361223046479098,2.6,cis_trans,No
ILMN_2201966,rs12444224,rs11649236,415642,270500,512972,251000,512972,1,0.259424600386098,0.0100587645260845,N4BP1,16,16,448497,439504,16,1.15,2,9.39,0,8.29,5.83,0.062,5.542,5.506,9941237,3.11832420854668e-06,1.15,1.06,7.2617923745355e-06,3.5205105033409e-06,1.32331344719976,3.33090431228667,1.24840891245261,3.14236255876101,0.288811467449579,0.0138981283594732,2.4,cis_cis,No
ILMN_1658247,rs11613438,rs1047944,402228,251785,490871,234981,490871,2,0.0284934072923985,0.0533305421068722,OAS1,12,6,376152,217259,12,1.53,21,9.35,1,9.73,6.97,0.092,8.586,6.985,9657597,1.03545426465818e-07,1.53,1.2,1.30899921872984e-05,1.43098526528274e-06,2.72198496063248,2.339743385189,2.26832080052707,1.94978615432417,0.0601686141255324,0.0999386100501407,2.2,cis_trans,No
ILMN_1688231,rs12412964,rs2395771,428263,322859,498936,309503,498936,1,0.0586442133472841,0.0628264661540429,TREM1,10,6,323512,194902,6,1.19,1,9.5,0,7.77,5.42,0.065,5.924,5.697,9945886,2.01088168515103e-06,1.19,1.08,7.78025796277504e-06,3.35110120808224e-06,2.2841238060289,2.23920559611429,2.11492945002676,2.07333851492064,0.0770611242410481,0.0820942212432511,2.2,cis_trans,No
ILMN_1702787,rs17085428,rs7695,415003,298238,494488,283438,494488,2,0.0185157307902829,0.608382666988726,SEMA4A,5,1,167240,22264,1,0.88,0,9.46,0,7.43,5.16,0.039,5.703,6.038,9831617,9.15414015822626e-07,0.88,0.95,2.4473934479019e-07,5.77646538379994e-07,2.97849746638716,0.676381209736685,3.13526049093385,0.711980220775458,0.0141928595667025,0.583756110512861,2.1,cis_trans,No
ILMN_2356111,rs1912136,rs6771703,420963,295454,501288,280746,501288,1,0.15241395053151,0.0792574325559262,SLC41A3,11,3,335430,105902,3,0.85,0,9.45,0,7.03,4.84,0.039,5.877,6.152,9934491,7.04615868090273e-07,0.85,0.94,5.32120160712246e-07,1.53874329678061e-06,1.68029340093684,2.0952795038018,1.78754617120941,2.22902074872532,0.129194373905853,0.0638736415867507,2.1,cis_trans,No
ILMN_1745949,rs4803481,rs2421050,370950,192295,494794,161126,494794,1,0.6904327145456,0.00685184615400986,CEACAM21,19,5,483884,178750,19,1.42,4,9.14,0,8.7,6.16,0.082,6.674,5.802,5066793,1.57890799959659e-06,1.42,1.16,1.5604939541225e-05,2.66348891009294e-06,0.561830358474138,3.55315686481708,0.484336515925981,3.06306626277334,0.747269161831181,0.0159110285101847,1.9,cis_trans,No
ILMN_1752932,rs7316716,rs1805,427496,316872,500902,303069,500902,1,0.0833926954776864,0.108165519431195,MPZL2,12,11,359496,351150,11,1.15,2,9.49,0,8.38,5.9,0.062,5.645,5.696,9943070,2.01145119163397e-06,1.15,1.06,4.298428749272e-06,2.00036710495954e-06,2.06556636864266,1.8996646482903,1.94864751758741,1.79213646065122,0.100400396763176,0.127987223826301,1.9,cis_trans,No
ILMN_1763455,rs9625870,rs10500316,445130,335045,518850,321178,518850,1,0.0414587338201182,0.153782881615225,VSTM1,22,19,510555,485996,19,1.26,7,9.52,0,8.85,6.27,0.075,5.881,5.395,9943033,4.02291735328647e-06,1.26,1.1,9.74330573777493e-07,2.12183082215489e-07,2.49598098235236,1.67321186712774,2.26907362032033,1.52110169738886,0.0600951455497354,0.193659135079277,1.9,cis_trans,No
ILMN_2087692,rs11257679,rs888427,417619,288034,499246,273022,499246,1,0.0134148706133913,0.409111914241419,CYBRD1,10,2,305749,70498,2,1.43,2,9.43,0,8.31,5.85,0.085,5.807,5.598,9896509,2.52614330972669e-06,1.43,1.16,9.90020645275091e-06,1.41060621272615e-06,3.16837170081128,0.995071625391941,2.73135491449248,0.857820366717191,0.0280509587713632,0.488708862797684,1.9,cis_trans,No
ILMN_1677814,rs9455,rs4732202,403951,260944,498081,241924,498081,1,0.0155489763260635,0.952786741635686,ABCC3,17,7,456438,243498,17,1.04,0,9.37,0,7.48,5.2,0.051,6.097,6.153,9947573,7.03689231534164e-07,1.04,1.02,5.34017567610512e-07,4.39154415721177e-07,3.08157052903796,0.171937269575795,3.0211475774882,0.168565950564505,0.0172266127654561,0.954421042417949,1.8,cis_trans,No
ILMN_1694711,rs7983718,rs1096699,415796,272566,506477,255080,506477,2,0.0773636369334282,0.236439180109941,MAD2L1BP,13,6,397610,195310,6,1.02,0,9.4,0,7.36,5.1,0.05,5.931,6.493,9337922,3.21270621022536e-07,1.02,1.01,1.77736210915658e-06,1.627677611582e-06,2.11248514796927,1.38639045181146,2.09156945343492,1.37266381367472,0.0799985474173902,0.241232292132183,1.7,cis_trans,No
ILMN_2401641,rs3760489,rs11720112,416666,308494,491483,294560,491483,1,0.0427617135774541,0.468976083033778,ALDH3A2,17,3,453019,112318,17,1.03,2,9.48,0,8.86,6.28,0.053,6.26,6.169,5896397,6.78380373641734e-07,1.03,1.01,1.03091898284724e-06,8.31036298998278e-07,2.47719712070852,0.890289617697744,2.45267041654309,0.881474869007667,0.0445224322833693,0.474278774082319,1.7,cis_trans,No
ILMN_1696347,rs2457684,rs7079264,424760,311077,499235,297592,499235,1,0.182016146759544,0.119767638390077,CTSC,11,10,345273,323569,11,1.2,0,9.48,0,7.5,5.21,0.065,5.669,5.636,9943144,2.31315165504995e-06,1.2,1.08,7.00101193817915e-06,2.71013784569618e-06,1.56339282891291,1.83470888914235,1.44758595269714,1.69880452698366,0.216345656372491,0.147859593186517,1.5,cis_trans,No
ILMN_1789176,rs7299749,rs13207114,427244,315664,501720,301555,501720,1,0.483328625930033,0.0661990063969758,PSMB1,12,6,380232,219035,6,0.98,2,9.49,0,8.23,5.79,0.049,5.417,5.583,9942252,2.61510168923499e-06,0.98,0.99,3.16859015314641e-06,3.44873170399218e-06,0.866784901192195,2.20696063559106,0.87554030423454,2.22925316726369,0.477997590948167,0.0638495609264249,1.5,cis_trans,No
ILMN_2338348,rs1893592,rs7512594,386228,239568,485774,218051,485774,1,0.0511123322245421,0.329790226459644,UBASH3A,21,1,506784,32913,21,1.31,7,9.31,0,8.38,5.9,0.074,6.006,6.312,8209618,4.87233388934784e-07,1.31,1.12,1.06702590809693e-05,2.64544712269554e-06,2.36846810974426,1.15352296728816,2.11470366941452,1.029931220793,0.0770890203922483,0.390506801098784,1.5,cis_trans,No
ILMN_1762861,rs11660982,rs2523404,435347,323323,508864,309460,508864,1,0.341432151834727,0.0993296698250161,HLA-F,18,6,477535,190448,6,1.1,1,9.5,0,8.35,5.88,0.056,5.693,5.531,1019372,2.9429884281695e-06,1.1,1.04,5.50226057938197e-06,3.31123500796338e-06,1.12894323946387,1.95364781758021,1.08552234563834,1.87850751690405,0.362389205645307,0.111824386099947,1.4,cis_trans,No
ILMN_2207363,rs1075728,rs7951628,430652,324851,501687,311459,501687,2,0.145444980453742,0.520464908878532,RABAC1,19,11,483934,351459,19,0.77,0,9.51,0,6.79,4.65,0.033,6.417,6.697,9943381,2.01138827929856e-07,0.77,0.9,1.14476107482275e-07,6.73578814280873e-07,1.71081052894185,0.807330318795145,1.90090058771316,0.897033687550161,0.108240263649911,0.464946627212089,1.3,cis_trans,No
ILMN_1699631,rs1147447,rs2950520,401440,245029,509692,221407,509692,1,0.232891233483432,0.149350919725984,GATS,14,7,409716,237644,7,1.43,5,9.32,1,10.3,7.42,0.084,5.468,5.406,9943764,3.92205607454079e-06,1.43,1.16,8.79035306322606e-07,7.39245329395288e-08,1.39749790512418,1.6922738939942,1.20473957338292,1.45885680516741,0.307206212699147,0.212490934808564,1.2,cis_trans,No
ILMN_1720083,rs10403312,rs1048166,442610,330942,518109,317031,518109,1,0.340724731740389,0.125774798080064,EHD4,19,15,485714,421543,15,1.28,2,9.52,0,8.28,5.83,0.074,6.983,6.521,9946111,3.01625429275824e-07,1.28,1.11,9.37689712976475e-06,2.62889761293295e-06,1.13044581719711,1.80334080523267,1.01841965513253,1.62463135606547,0.396754667781411,0.165625334178629,1.2,cis_trans,No
ILMN_1757467,rs139898,rs4853333,406563,292545,483841,277965,483841,2,0.218672911281958,0.299375461749192,H1F0,22,2,512474,56302,22,1.01,6,9.44,0,9.16,6.52,0.051,6.355,6.395,9943422,4.02275997136599e-07,1.01,1,1.40014495664254e-07,1.21323859070266e-07,1.44034112064244,1.22249808593297,1.44034112064244,1.22249808593297,0.218672911281955,0.299375461749281,1.2,cis_trans,No
ILMN_1799381,rs1520429,rs214097,435490,323735,510663,309853,510663,2,0.0937933085948637,0.514704465572343,SNORD14A,15,11,421986,333601,11,1.21,6,9.5,0,8.37,5.9,0.07,6.597,6.147,9813556,7.13299032481192e-07,1.21,1.08,1.91096701529503e-06,5.80849722542354e-07,1.99167998518081,0.816340439627807,1.84414813442667,0.755870777433155,0.118300929581344,0.554111033990626,1.2,cis_trans,No
ILMN_2115005,rs902634,rs831489,424578,312151,498236,298305,498236,1,0.784626357051719,0.06293681341924,FGD2,10,6,329341,193885,6,1.17,2,9.48,0,8.46,5.97,0.064,5.488,5.6,9942042,2.51457396780259e-06,1.17,1.07,4.36859181229821e-06,1.90383274467631e-06,0.433306752439881,2.23812477226969,0.404959581719515,2.09170539464457,0.805160177059891,0.0797131352239144,1.2,cis_trans,No
ILMN_1663664,rs10955512,rs722269,411917,279921,496990,263908,496990,1,0.19851225389023,0.345717606471952,MRPS10,8,6,269858,195122,6,1.08,2,9.42,0,8.28,5.83,0.056,7.484,6.982,9598647,1.04181349725644e-07,1.08,1.03,7.83141571591983e-08,4.16703094252568e-08,1.50551494566338,1.11945669055923,1.46166499578969,1.08685115588274,0.211885554669428,0.361534555568494,1.1,cis_trans,No
ILMN_1665982,rs2896940,rs13332406,436568,322992,512972,309327,512972,1,0.102882104338612,0.690252041229769,AKTIP,16,16,441440,440379,16,1.04,2,9.5,0,8.01,5.61,0.053,6.912,6.997,9940581,1.00597741721535e-07,1.04,1.02,1.50346529326217e-06,1.25958638297341e-06,1.93316692576261,0.562055900260763,1.89526169192413,0.551035196334081,0.109202996689342,0.698304510384051,1.1,cis_cis,No
ILMN_1733998,rs1519956,rs7566044,431029,326147,501087,312858,501087,1,0.0670747401513319,0.868520484030831,DHRS9,12,2,371554,70026,2,1.24,8,9.51,0,8.63,6.1,0.071,5.999,5.821,9941217,1.50886958809973e-06,1.24,1.09,9.08094570695184e-06,2.82487460900871e-06,2.20119689868527,0.314315924592123,2.01944669604153,0.288363233570755,0.0897492065472588,0.885637511111501,1.1,cis_trans,No
ILMN_1741881,rs10122902,rs2526698,307538,87556,486110,35217,486110,2,0.971754009449349,0.10904611587175,C9ORF72,9,1,285448,38729,9,0.81,0,8.31,0,6.19,4.18,0.036,6.364,6.277,5673190,5.28803019112704e-07,0.81,0.92,1.23005267638199e-07,5.35443041904671e-07,0.129320405778507,1.89451240374613,0.140565658454899,2.05925261276753,0.967115333865651,0.0839656251118749,1.1,cis_trans,No
ILMN_1752988,rs2568061,rs6553184,419524,308095,493674,294316,493674,1,0.909744760909291,0.0704242458319458,C11ORF17,11,4,331835,150483,11,1.06,1,9.48,0,7.93,5.55,0.054,5.664,5.55,9941746,2.81640669556434e-06,1.06,1.03,3.39334386145751e-08,2.35497389367012e-08,0.249944398660787,2.16869760860394,0.242664464719211,2.10553165883877,0.914128479119287,0.0779638903563684,1.1,cis_trans,No
ILMN_1804663,rs8014956,rs2049805,433219,318845,509718,305174,509718,1,0.17570202852813,0.491142907056147,THBS3,14,1,400593,22202,1,0.99,1,9.5,0,7.8,5.45,0.049,5.647,6.094,9943910,8.04512510672361e-07,0.99,1,7.71225355800098e-08,8.95238394527098e-08,1.58680141047125,0.853876494652612,1.58680141047125,0.853876494652612,0.175702028528136,0.491142907056163,1.1,cis_trans,No
ILMN_1662358,rs459498,rs8130120,444909,329383,520789,315304,520789,1,0.119326633400684,0.510476872406677,MX1,21,21,506288,503231,21,1.44,17,9.51,0,8.9,6.31,0.087,6.784,6.298,9941846,5.02924708348932e-07,1.44,1.17,8.9111754698612e-06,1.29592816100477e-06,1.83861687686055,0.822993235586813,1.57146741612012,0.703413021869071,0.179815407586552,0.589637313367672,1,cis_cis,No
ILMN_1683811,rs199793,rs10488630,423543,283473,513708,265931,513708,1,0.671337693507566,0.0926144618394555,TNPO3,20,7,492801,242162,7,1.31,3,9.42,0,8.09,5.68,0.074,5.525,5.453,9942492,3.52024422046304e-06,1.31,1.12,1.25099930414763e-12,2.06501482580279e-14,0.58808977857713,1.99777023282018,0.525080159443866,1.78372342216087,0.717335325496177,0.129672051006014,1,cis_trans,No
ILMN_1700238,rs4823723,rs2290560,425940,285774,518378,267636,518378,2,0.539097883606649,0.214080669916264,ZNF500,22,16,514583,434094,16,0.83,0,9.42,0,6.92,4.76,0.037,5.288,5.819,9879703,1.51826426361197e-06,0.83,0.93,1.56722159694311e-08,7.30815196137158e-08,0.778734078001419,1.45382906344479,0.837348470969268,1.56325705746752,0.5015416368228,0.181766357313749,1,cis_trans,No
ILMN_1730928,rs9905940,rs11655031,438016,317394,515007,303448,515007,1,0.850645694966811,0.112010862909644,CDK5R1,17,17,456076,453742,17,1.09,1,9.49,0,8.35,5.88,0.056,5.469,5.646,8859046,2.25757942785262e-06,1.09,1.04,4.04093829942109e-06,2.66019777317439e-06,0.340561573749659,1.87744657946499,0.327463051682364,1.80523709563942,0.859615647995436,0.125403871617137,1,cis_cis,No
ILMN_1745778,rs6985508,rs7701916,415201,292693,494185,278058,494185,1,0.851510379745732,0.137455620148775,SLC45A4,8,5,276627,182164,8,0.94,1,9.44,0,7.69,5.36,0.045,5.946,6.094,9943010,8.04585331805962e-07,0.94,0.98,2.66468269671805e-09,5.24768273280074e-09,0.339306144857367,1.74612024062273,0.346230760058538,1.78175534757422,0.846728573684234,0.130069129511545,1,cis_trans,No
ILMN_1763663,rs9325634,rs2287197,404734,245330,519402,220666,519402,1,0.111752824867924,0.729616523288291,FLJ20718,21,16,506769,439788,16,1.1,1,9.32,0,8.12,5.7,0.054,6.04,6.696,9942124,2.01164258261112e-07,1.1,1.04,2.05212004056321e-08,9.11727138230845e-09,1.88054793264878,0.508355668899561,1.80821916600844,0.488803527788039,0.125112336036913,0.743989682446316,1,cis_trans,No
ILMN_1775380,rs8118315,rs11677815,402437,279318,483274,264184,483274,1,0.238648123713542,0.406689439076848,SMOX,20,2,488070,53895,20,1.06,0,9.42,0,7.18,4.96,0.055,5.676,6.219,9945624,6.03280397489388e-07,1.06,1.03,2.53601925903624e-07,1.85946939290638e-07,1.38080036592088,0.999541750931314,1.34058287953483,0.970428884399334,0.253024954769093,0.422660261629566,1,cis_trans,No
ILMN_1789419,rs187076,rs12188164,422662,306312,499824,292140,499824,1,0.647892612261377,0.180487034424462,EXOC3,10,5,313387,150867,5,0.89,0,9.47,0,6.79,4.65,0.041,6.827,6.997,9935808,1.00646067234794e-07,0.89,0.95,3.55744048108342e-07,7.0993247058837e-07,0.620625082966492,1.56793821905304,0.65328956101736,1.65046128321373,0.624652874884493,0.159229338776118,1,cis_trans,No
ILMN_1811104,rs4349034,rs727905,357945,177963,506796,134598,506796,1,0.158789007629197,0.826780851921687,KTELC1,13,3,393708,104738,3,0.86,0,9.05,0,6.95,4.78,0.039,5.532,6.149,9855291,7.10278367224266e-07,0.86,0.94,4.42459752947322e-07,1.1290211237025e-06,1.65347416407667,0.374727706645546,1.75901506816667,0.398646496431432,0.135030363607481,0.809718162243178,1,cis_trans,No
ILMN_2313901,rs28092,rs784600,396979,265844,486795,248022,486795,1,0.36267160329419,0.2201744474132,PAM,5,1,168243,6753,5,1.1,1,9.38,1,9.58,6.85,0.059,5.593,5.918,9942960,1.20688406671655e-06,1.1,1.04,6.17874697961263e-07,3.30766616540856e-07,1.08495105098212,1.43485707877959,1.04322216440588,1.3796702680573,0.383770640967843,0.238775294066003,1,cis_trans,No
ILMN_2358069,rs7783715,rs6414306,405927,277677,491518,261577,491518,1,0.130500814084793,0.561907108202832,MAD1L1,7,3,219220,106223,7,1.23,1,9.41,0,8.1,5.68,0.068,5.622,5.998,9945388,1.00549118847852e-06,1.23,1.09,7.85693459182113e-08,1.51409640380962e-08,1.78105733856668,0.744207428912596,1.63399755831805,0.682759109094124,0.163569965727022,0.603934845234839,1,cis_trans,No
ILMN_1663664,rs11698155,rs2395803,424984,288929,513253,272230,513253,1,0.235064064182671,0.490688832175689,MRPS10,20,6,490889,195115,6,1.16,5,9.43,0,9.42,6.72,0.061,6.854,6.684,9656904,2.0710571421234e-07,1.16,1.06,1.26614202322628e-06,4.77290860834145e-07,1.39115382844943,0.854611249193655,1.3124092721221,0.806237027541184,0.263536738313074,0.521166593841891,0.9,cis_trans,No
ILMN_1730816,rs2707210,rs9827054,419860,314307,490345,301234,490345,1,0.871224249729075,0.11057588070233,GPR162,12,3,356892,117103,12,1.21,2,9.49,0,7.86,5.49,0.068,6.214,6.219,9938885,6.0368944806183e-07,1.21,1.08,1.04278091644927e-05,3.82884134331185e-06,0.310236443323276,1.88565346602413,0.28725596604007,1.74597543150382,0.886329482395278,0.137486408797447,0.9,cis_trans,No
ILMN_1742456,rs17780195,rs2273770,432267,308152,512872,293341,512872,1,0.134733779131966,0.69563407595967,OSTF1,17,9,460142,288958,9,1.3,0,9.47,0,7.64,5.32,0.074,5.416,5.59,4664731,2.57249560585594e-06,1.3,1.12,2.01139169708764e-06,4.25718708174649e-07,1.7604373225116,0.554687238670493,1.57181903795678,0.495256463098654,0.179720119634103,0.739246223585181,0.9,cis_trans,No
ILMN_1751956,rs740441,rs4147592,436308,323088,512712,309327,512712,1,0.533199572022693,0.270131116884029,MGST3,17,1,457838,24289,1,0.98,0,9.5,0,6.88,4.72,0.048,5.454,5.403,6834107,3.95077220769297e-06,0.98,0.99,5.39984630343326e-07,5.97359954168653e-07,0.787770024846332,1.29457494441344,0.795727297824578,1.30765145900347,0.528037578611575,0.26509420472781,0.9,cis_trans,No
ILMN_1797001,rs4937097,rs7042042,410731,274928,501038,257353,501038,2,0.51573132419762,0.243540888338932,DDX58,11,9,352746,286538,9,0.96,0,9.4,0,7.02,4.83,0.045,5.307,5.651,9855491,2.23225813914294e-06,0.96,0.98,1.17785759923272e-06,1.42390645452295e-06,0.814891544777089,1.36613683986756,0.831521984466418,1.39401718353833,0.50519891386155,0.233812087788858,0.9,cis_trans,No
ILMN_2157441,rs4899635,rs7192,425088,294385,507338,279163,507338,1,0.692874324470534,0.125038351315951,HLA-DRA,14,6,411797,192499,6,1.4,6,9.45,0,8.79,6.23,0.081,5.937,5.918,9936504,1.20766821006664e-06,1.4,1.15,1.31504724895093e-05,2.262495731431e-06,0.558484940108892,1.80711083042805,0.485639078355558,1.57140072211135,0.746312239354694,0.179545981183347,0.9,cis_trans,No
ILMN_2372413,rs181405,rs10888267,416737,310803,487185,297757,487185,2,0.688571591025252,0.134772516459633,BID,22,1,508012,40025,22,1.17,3,9.48,0,8.19,5.75,0.066,6.597,6.152,9943060,7.04008625111384e-07,1.17,1.07,1.82057097253274e-06,7.35654015038278e-07,0.564382091024059,1.75885583563875,0.527459898153326,1.64379050059697,0.71558890677153,0.160859287379796,0.9,cis_trans,No
ILMN_1662358,rs459498,rs11160227,434602,321817,508498,308113,508498,1,0.299946853860769,0.346158651039719,MX1,21,14,506288,415708,21,1.44,16,9.5,0,9.5,6.79,0.087,6.314,6.299,9942127,5.02910493901355e-07,1.44,1.17,4.11758944984797e-06,5.07683230344114e-07,1.22170522701703,1.11853152303603,1.04419250172396,0.956009848748744,0.383269408181464,0.430739706212514,0.8,cis_trans,No
ILMN_1671568,rs5992637,rs11206043,434862,303909,519219,288145,519219,1,0.695922415432364,0.22778408117961,ECHDC2,22,1,507878,8498,1,1.07,1,9.46,0,8.74,6.19,0.056,5.579,5.655,9941603,2.21292280530615e-06,1.07,1.03,8.38854520401888e-07,5.6222201716416e-07,0.554311875163207,1.41180419177082,0.538166869090492,1.3706836813309,0.707737456808216,0.241930649391077,0.8,cis_trans,No
ILMN_1678939,rs13044386,rs1883617,419843,279482,513380,261245,513380,1,0.201882046851879,0.406142551782232,VNN2,20,6,489418,210584,6,1.58,2,9.41,0,8.21,5.77,0.097,5.44,5.442,3043214,3.61459956480221e-06,1.58,1.21,1.58286958641396e-05,1.38028345775254e-06,1.49422360763992,1.00055367298993,1.23489554350407,0.826903861975147,0.294402358063472,0.508002101425076,0.8,cis_trans,No
ILMN_1690982,rs5760102,rs2378341,412715,296593,490452,281959,490452,1,0.56293075585765,0.230023791766546,DDT,22,3,509146,116771,22,1.09,0,9.45,0,7.13,4.92,0.056,5.62,5.636,9941754,2.31347506687452e-06,1.09,1.04,4.79363384542353e-08,2.58649834883329e-08,0.742796481621207,1.40514785950126,0.714227386174238,1.3511037110589,0.582284457032009,0.248931141040751,0.8,cis_trans,No
ILMN_1811104,rs6815953,rs6414283,349324,173534,494650,131389,494650,1,0.831858831362874,0.228077795320129,KTELC1,4,3,149015,104753,3,0.86,0,9.03,0,7.55,5.25,0.039,5.445,6.038,9811899,9.17253632553698e-07,0.86,0.94,3.39615888411693e-07,8.84930463351807e-07,0.367508943085472,1.41092802732843,0.390966960729226,1.50098726311535,0.815202770045425,0.199575339345539,0.8,cis_trans,No
ILMN_2097790,rs7188668,rs2460002,417764,273354,511726,254867,511726,1,0.316207429222652,0.50780692220916,C1ORF86,16,1,438557,87,1,0.98,1,9.4,0,8.05,5.64,0.046,5.589,6.036,9782155,9.20042669534474e-07,0.98,0.99,9.37625126429253e-08,1.05439812103647e-07,1.18415918011198,0.827212798267805,1.1961203839515,0.835568483098793,0.31094980737319,0.50254614873208,0.8,cis_trans,No
ILMN_2202940,rs591967,rs2695290,431088,316101,506353,302391,506353,1,0.633149317452458,0.188752170503116,CHPT1,13,12,385104,374212,12,1.19,0,9.49,0,7.4,5.13,0.063,5.743,5.902,9586662,1.25173913506078e-06,1.19,1.07,9.68424281966307e-06,3.73608405368486e-06,0.641293340795557,1.5382058310835,0.599339570836969,1.43757554306869,0.663201340675538,0.219292001813307,0.8,cis_trans,No
ILMN_2347193,rs11557467,rs4965745,437838,327521,511724,313938,511724,1,0.630938057042832,0.207946500991793,GSDMB,17,15,455087,433075,17,1.26,7,9.51,2,9.75,6.99,0.071,5.882,5.726,9036410,1.88127807392538e-06,1.26,1.1,1.35041553772641e-05,4.19284001185183e-06,0.64440913292473,1.4734149676119,0.585826484477027,1.33946815237445,0.672978060450725,0.25317372715003,0.8,cis_trans,No
ILMN_2368530,rs765044,rs1554999,429515,298367,517589,281751,517589,1,0.589681115511289,0.202370837088258,IL32,19,16,478420,433812,16,1.27,2,9.45,0,8.6,6.08,0.069,5.531,5.918,9942123,1.20698567096786e-06,1.27,1.1,1.42248488377295e-05,4.06937909325222e-06,0.703439705649998,1.49166718169371,0.639490641499998,1.356061074267,0.634430083685458,0.247142331589053,0.8,cis_trans,No
ILMN_1656378,rs10906857,rs12490878,418379,314668,489831,301252,489831,1,0.45269875814595,0.38356038357363,NMT2,10,3,306777,115816,10,1.1,1,9.49,0,7.69,5.36,0.057,6.836,6.697,9943762,2.01131121199401e-07,1.1,1.04,6.04939161985563e-06,3.65880473096603e-06,0.918027327899858,1.04327155848825,0.882718584519094,1.00314572931563,0.473656629469628,0.404744214695332,0.7,cis_trans,No
ILMN_1660232,rs10444467,rs4329748,432434,328716,503064,315011,503064,1,0.19677166887111,0.820715650916118,PEX5,12,12,379041,356963,12,1.09,0,9.51,0,7.61,5.3,0.056,5.848,5.956,9939658,1.10667791588e-06,1.09,1.04,1.29037928087161e-06,8.07724392037912e-07,1.51141433393837,0.383268744452909,1.45328301340228,0.368527638897028,0.214530982651105,0.831162330272848,0.7,cis_cis,No
ILMN_1675756,rs2186344,rs424299,421335,298795,500220,284383,500220,1,0.748819656898458,0.223080261363836,KCNJ15,21,11,505304,330898,21,1.26,3,9.46,1,9.77,7,0.071,5.644,5.741,9904183,1.81741391490848e-06,1.26,1.1,2.38035279986892e-06,5.85393884033891e-07,0.482225762271428,1.42597268645479,0.438387056610389,1.29633880586799,0.780925049176796,0.269446968638086,0.7,cis_trans,No
ILMN_1683792,rs7042087,rs7658240,425906,312302,501432,298002,501432,1,0.337865030455501,0.569197068682934,LAP3,9,4,300471,122431,4,0.97,0,9.48,0,7.42,5.15,0.049,5.723,6.043,9946500,9.04840898808626e-07,0.97,0.99,1.21408581721383e-06,1.50874049631433e-06,1.13654569049889,0.733381691692021,1.14802594999888,0.740789587567698,0.332535645666394,0.564203120894959,0.7,cis_trans,No
ILMN_1697971,rs2527180,rs2032447,403810,261766,496682,242773,496682,1,0.122167803074321,0.910942488673269,TRIM38,7,6,247839,189845,6,1.53,6,9.37,0,8.61,6.09,0.094,6.458,5.617,9939997,2.41448765024778e-06,1.53,1.2,8.77764130369219e-06,8.66936865739909e-07,1.82352276280688,0.248005463156045,1.51960230233907,0.206671219296704,0.194378439553968,0.934781788729072,0.7,cis_trans,No
ILMN_1713603,rs2188355,rs10492793,421755,282921,512972,265220,512972,2,0.778559098498505,0.292769810673623,PRKCB1,16,16,438163,436508,16,0.93,0,9.42,0,6.83,4.69,0.044,7.341,6.997,9921027,1.00796016380159e-07,0.93,0.97,2.27492753546166e-06,3.35937771045458e-06,0.441630717300138,1.23824255291787,0.455289399278493,1.27653871434832,0.768575964662878,0.277212140937936,0.7,cis_cis,No
ILMN_1717052,rs2221406,rs1000620,435221,328656,507033,315133,507033,2,0.764656356873608,0.215296018332497,STARD10,13,11,394539,342124,11,1.19,9,9.51,0,9.36,6.68,0.067,5.645,5.426,8527804,3.75243145832151e-06,1.19,1.08,2.65456516956863e-06,1.03402042272993e-06,0.460641668226744,1.45000756984612,0.426520063172911,1.34259960170937,0.789561904709568,0.252025835641456,0.7,cis_trans,No
ILMN_1728742,rs1122762,rs286595,435581,322296,510833,308445,510833,1,0.921558504111573,0.191949904282648,C5ORF4,18,5,470776,177914,5,1.17,0,9.5,0,6.81,4.67,0.063,5.554,5.571,2980559,2.68406027191544e-06,1.17,1.07,9.33591264296041e-08,2.90545874026549e-08,0.230059846476845,1.52701506646718,0.215009202314809,1.42711688454877,0.930146008622799,0.222704147020591,0.7,cis_trans,No
ILMN_1757467,rs139898,rs9983949,436141,313557,518864,297892,518864,2,0.33215053701321,0.568441153539609,H1F0,22,21,512474,500946,22,1.01,6,9.48,0,9.16,6.52,0.051,5.697,5.918,9942176,1.20697923673852e-06,1.01,1.01,6.08917300470857e-07,6.27496899774371e-07,1.14886130164649,0.734500731864012,1.13748643727375,0.727228447390111,0.337425728508382,0.573363216065135,0.7,cis_trans,No
ILMN_1789176,rs6060930,rs9295415,437154,322517,514064,307964,514064,2,0.615961769377053,0.363112237803924,PSMB1,20,6,493463,219027,6,0.98,1,9.5,0,8.05,5.64,0.05,5.444,5.719,9941933,1.91109716792499e-06,0.98,0.99,1.06735386751211e-06,1.17334713545247e-06,0.665631395616522,1.08366139454307,0.672354945067194,1.09460746923542,0.611249409703039,0.357720832056601,0.7,cis_trans,No
ILMN_1662617,rs12914603,rs11156875,322031,115549,510882,58475,510882,1,0.382476485347889,0.758854625480338,PPP2R3C,15,14,424386,403989,14,0.82,0,8.59,0,5.33,3.52,0.029,5.808,6.603,4011231,2.49300027846813e-07,0.82,0.92,1.83144234666699e-07,6.53498657965379e-07,1.04572952890579,0.468564677902188,1.13666253141933,0.509309432502378,0.337810443914784,0.72891547662464,0.6,cis_trans,No
ILMN_1663664,rs1420537,rs13217993,423327,288355,510802,271899,510802,1,0.55723155593269,0.386609490354441,MRPS10,16,6,440216,195118,6,1.15,3,9.43,1,9.44,6.74,0.06,6.212,6.238,5190619,5.77965749364382e-07,1.15,1.06,8.70251495199703e-07,3.57068778100711e-07,0.751310510688597,1.03739316160061,0.70878350064962,0.97867279396284,0.586011198104368,0.418091327936012,0.6,cis_trans,No
ILMN_1704870,rs12982353,rs1263806,403425,253315,509802,230064,509802,1,0.221564914027264,0.930145643349884,PGLYRP1,19,14,484431,400950,19,1.11,3,9.34,0,7.73,5.39,0.057,6.513,6.066,6980915,8.59486184833936e-07,1.11,1.05,6.16823731180993e-06,3.85985630568797e-06,1.43143236828821,0.215048463672396,1.36326892217924,0.204808060640377,0.24482558398242,0.935798286820653,0.6,cis_trans,No
ILMN_1712305,rs2592948,rs888427,413327,284731,494538,269937,494538,1,0.293781080970523,0.589484163571095,CYBRD1,4,2,140154,70498,2,1.36,4,9.43,0,8.16,5.73,0.078,5.89,5.596,9856159,2.53648505467495e-06,1.36,1.14,1.83338907955299e-06,2.75304570251933e-07,1.23638649145174,0.703635571811598,1.08454955390503,0.617224185799648,0.362870172056114,0.650297655304154,0.6,cis_trans,No
ILMN_1733998,rs1528529,rs7566044,428070,323648,497709,310442,497709,1,0.454757485743774,0.423881473247438,DHRS9,7,2,245387,70026,2,1.25,8,9.51,0,8.63,6.1,0.07,6.481,6.031,8589298,9.31391599173762e-07,1.25,1.1,9.33687744275602e-06,3.02729185064354e-06,0.914509000829483,0.968236543954311,0.831371818935894,0.880215039958464,0.505293398521591,0.475039974740724,0.6,cis_trans,No
ILMN_1757467,rs139898,rs6497007,429468,308705,510992,293311,510992,2,0.493892677653119,0.539356060284664,H1F0,22,15,512474,429202,22,1.01,5,9.47,0,8.95,6.35,0.051,6.52,6.696,9940257,2.01202041355671e-07,1.01,1.01,6.92719904216155e-07,7.13812823072146e-07,0.849623841528015,0.778203239712669,0.841211724285164,0.770498257141257,0.49912613371659,0.544420684415766,0.6,cis_trans,No
ILMN_1778010,rs1554999,rs4759890,416097,289445,501039,273312,501039,1,0.318204176946258,0.646428513818077,IL32,16,12,433812,380246,16,1.15,0,9.44,0,7.33,5.08,0.06,6.895,6.696,9921347,2.01585530674413e-07,1.15,1.06,3.89785246057706e-06,1.80011654071777e-06,1.17965950601777,0.622621454588208,1.11288632643186,0.587378730743592,0.349065899774392,0.671829378247466,0.6,cis_trans,No
ILMN_1780533,rs11628398,rs7324365,407834,258267,507001,237743,507001,1,0.616462750078789,0.382059413469659,RNASE6,14,13,400746,396928,14,0.98,0,9.36,0,7.38,5.12,0.049,5.479,5.827,4026870,1.48999098555454e-06,0.98,0.99,2.86766791590676e-06,3.1240383149278e-06,0.664917942213678,1.046178547618,0.671634285064321,1.05674600769495,0.611753728411948,0.376641396722003,0.6,cis_trans,No
ILMN_2123450,rs6906101,rs13214069,413156,291837,492704,277218,492704,1,0.229359811757275,0.989043276131483,FLJ43093,6,6,193757,192667,6,1.05,1,9.44,0,7.85,5.49,0.055,5.439,5.696,9941827,2.01170267798866e-06,1.05,1.02,2.73619680490889e-06,2.07116476458324e-06,1.40792002148844,0.0778838535952486,1.38031374655729,0.0763567192110281,0.238817742859635,0.98944748906999,0.6,cis_cis,No
ILMN_2327795,rs3852011,rs301819,412725,296929,490743,282373,490743,1,0.248449383062227,0.82451140741372,RERE,3,1,103552,1530,1,1.26,0,9.45,0,7.44,5.16,0.07,5.707,5.52,9944111,3.01686093407445e-06,1.26,1.1,1.22511595156416e-05,3.75484105608059e-06,1.35316269910939,0.377928990315339,1.23014790828127,0.343571809377581,0.296388038234687,0.848591655710277,0.6,cis_trans,No
ILMN_1668063,rs12580388,rs10120023,418120,286647,501349,270994,501349,1,0.498395944646612,0.532046860403194,FCN1,12,9,379478,301703,9,1.09,6,9.43,2,10.35,7.46,0.057,6.33,6.521,9945999,3.01628825822323e-07,1.09,1.04,2.4925827291078e-08,1.30520951824309e-08,0.842381945408949,0.789398691842571,0.809982639816297,0.75903720369478,0.518866452809655,0.552005065452505,0.5,cis_trans,No
ILMN_1671568,rs4234091,rs11206043,405395,283503,484136,268804,484136,1,0.442278953069737,0.607297197316576,ECHDC2,2,1,82738,8498,1,1.06,1,9.43,0,7.97,5.58,0.056,6.188,5.895,5493589,1.2742125412003e-06,1.06,1.03,4.46977706425322e-06,3.53760684457249e-06,0.936010816408448,0.677935720490652,0.908748365445095,0.658190019893837,0.458142493387512,0.621149383261193,0.5,cis_trans,No
ILMN_1713966,rs1950857,rs3811188,438314,330269,511264,316611,511264,1,0.362991814874399,0.725667889061722,MRPL52,14,14,402210,401419,14,1.13,0,9.52,0,7.54,5.24,0.06,6.562,6.396,9946219,4.02162872142671e-07,1.13,1.05,3.18222510287125e-06,1.5526511363273e-06,1.0843036833607,0.513728251225474,1.03267017462924,0.489265001167118,0.389254050374478,0.743650493563595,0.5,cis_cis,No
ILMN_1726989,rs2334323,rs2257182,408304,281262,491474,266014,491474,1,0.315079908142011,0.986224696564377,C1ORF86,6,1,206451,83,1,1.1,4,9.42,0,8.3,5.84,0.056,5.9,6.035,9745635,9.23490362608491e-07,1.1,1.04,8.1047875521989e-08,3.88416059315944e-08,1.18671040554816,0.0879079028636021,1.14106769764246,0.0845268296765404,0.335757611624902,0.987207081861648,0.5,cis_trans,No
ILMN_1781184,rs10134030,rs1317149,428105,307740,510102,292288,510102,1,0.344076350584474,0.74037002474945,MYBPC3,14,11,408718,339522,11,1.21,2,9.47,0,8.12,5.7,0.066,5.557,5.444,9723933,3.59936663487912e-06,1.21,1.08,2.13586883335282e-06,6.57368838252737e-07,1.12334902190066,0.493727760566529,1.04013798324136,0.457155333857897,0.385367155163017,0.767218897338529,0.5,cis_trans,No
ILMN_1783996,rs10120023,rs2519515,415142,284284,497971,268736,497971,1,0.385742092888647,0.826739105567381,DEM1,9,7,301703,235792,1,1.11,4,9.43,0,9,6.39,0.057,5.465,5.599,9940267,2.51502298680709e-06,1.11,1.04,1.17898025753238e-06,5.81049131587186e-07,1.03941510105974,0.374786654967154,0.999437597172827,0.360371783622264,0.406915911649405,0.83689645336871,0.5,trans_trans,No
ILMN_1800197,rs17469061,rs750495,423887,307750,499469,293490,499469,1,0.66822957799974,0.461457277428589,MRPL36,10,5,304818,151097,5,1.01,0,9.47,0,6.74,4.61,0.049,6.887,6.991,9784202,1.02205575886516e-07,1.01,1,1.47901674651951e-06,1.31112228674013e-06,0.592382489139316,0.902906503106287,0.592382489139316,0.902906503106287,0.668229577999732,0.461457277428594,0.5,cis_trans,No
ILMN_1804854,rs924943,rs176382,404420,244463,511298,221473,511298,1,0.385363139283131,0.95618191850673,CTNNA1,18,5,475929,174864,5,0.85,2,9.32,1,10.02,7.2,0.039,5.735,5.995,9890981,1.0110220614113e-06,0.85,0.94,2.28589431494619e-07,7.12926513601886e-07,1.04014572881856,0.164882814673732,1.10653800938145,0.175407249652907,0.352121495021403,0.951082547212637,0.5,cis_trans,No
ILMN_2084825,rs2855039,rs12042181,392496,254464,485975,235240,485975,1,0.287427991674537,0.873508646416213,HBG2,11,1,330753,32657,11,1.43,4,9.35,0,8.47,5.98,0.083,6.841,6.989,9758228,1.02477621961692e-07,1.43,1.16,1.6577632814152e-05,2.63778568843076e-06,1.25178676195319,0.306842534117238,1.07912651892516,0.264519425963136,0.365560667106945,0.900802760551571,0.5,cis_trans,No
ILMN_2189936,rs4900928,rs1502991,375451,209273,490857,181843,490857,1,0.637207381232788,0.473721540733141,RPL36AL,14,6,406432,198507,14,0.94,1,9.21,0,8.52,6.01,0.043,5.855,6.152,9941122,7.04145870053702e-07,0.94,0.98,1.21472896630337e-07,2.06006943948012e-07,0.635586430425204,0.882397993237238,0.648557582066535,0.900406115548202,0.627998756986514,0.462940661297116,0.5,cis_trans,No
ILMN_2196550,rs2110603,rs674754,416211,268891,510893,250343,510893,2,0.527444153242377,0.524979800542721,C13ORF18,16,13,434528,386796,13,1.05,1,9.39,0,7.91,5.53,0.054,6.658,6.696,9935886,2.0129055425958e-07,1.05,1.02,3.7255279246029e-06,2.84373738512755e-06,0.796645085839223,0.800311490081111,0.781024593960023,0.784619107922658,0.53759907176485,0.535160052226286,0.5,cis_trans,No
ILMN_2309848,rs17398183,rs2285515,432332,303858,513900,288704,513900,1,0.332216316417324,0.93533252647407,FXYD5,20,19,498236,483034,19,1.08,9,9.47,0,9.33,6.65,0.057,6.578,6.693,9866262,2.02711016593721e-07,1.08,1.03,7.55027546706089e-07,4.4578808544582e-07,1.14871856165826,0.205662992423448,1.11526073947404,0.199672808178105,0.347928507158656,0.938571665315649,0.5,cis_trans,No
ILMN_2381899,rs7192613,rs17512962,393436,227869,510264,199834,510264,1,0.880476953913287,0.38139745775235,OPTN,16,10,443939,306071,10,1.02,0,9.26,0,7.67,5.34,0.048,5.639,6.038,9819340,9.16558546704768e-07,1.02,1.01,3.18006407429294e-06,2.92745758567747e-06,0.296244624452899,1.04746339085347,0.293311509359306,1.03709246619156,0.882394898802069,0.386765960672123,0.5,cis_trans,No
ILMN_1660232,rs7495797,rs4329748,438497,333055,510556,319138,510556,1,0.81287655878062,0.460859148814392,PEX5,15,12,418616,356963,12,1.1,1,9.52,0,8.31,5.85,0.057,5.744,5.695,6938075,2.01785077272875e-06,1.1,1.04,1.81033952273424e-08,7.98740906748918e-09,0.394217127037475,0.90391628761519,0.379054929843726,0.869150276553067,0.82369161576317,0.481760977663381,0.4,cis_trans,No
ILMN_1678939,rs216495,rs1883617,409666,272865,500950,255053,500950,1,0.646465132402101,0.470211363948055,VNN2,11,6,333535,210584,6,1.59,1,9.4,0,8.14,5.71,0.097,5.772,5.535,9940026,2.91749739890016e-06,1.59,1.22,2.05156661297057e-05,2.01206540795251e-06,0.62261856625709,0.888230122428455,0.510343087095975,0.728057477400373,0.728158259489582,0.572800965342099,0.4,cis_trans,No
ILMN_1684628,rs909446,rs1182968,386810,201003,519425,168009,519425,1,0.431879979884653,0.807297873394404,ZFP90,21,16,504788,443125,16,1.17,0,9.17,0,7.09,4.89,0.059,5.789,5.777,9579950,1.67015485467043e-06,1.17,1.07,2.2004293442901e-07,7.38906482666835e-08,0.954264056841484,0.402014008710889,0.891835567141574,0.375714026832607,0.468182157987943,0.826082139649394,0.4,cis_trans,No
ILMN_1738347,rs1107121,rs2819365,430813,290393,518846,274080,518846,2,0.499633482946509,0.773489239675089,RNPEP,21,1,507305,30487,1,1.26,2,9.44,0,8.35,5.88,0.069,6.271,6.149,9862593,7.09752496123484e-07,1.26,1.1,1.22705938702117e-05,3.76159111215024e-06,0.840399287321184,0.448586870864602,0.763999352110167,0.407806246240548,0.548798207186096,0.803125755415663,0.4,cis_trans,No
ILMN_1763386,rs8919,rs9804943,428497,317971,501865,304585,501865,1,0.39377202403259,0.880232118559706,BID,22,12,508007,379620,22,1.14,1,9.49,0,8.53,6.02,0.06,5.843,6.035,9753985,9.22699799107749e-07,1.14,1.06,6.09725792743987e-06,3.22332804381098e-06,1.02406153367619,0.296656186641733,0.96609578648697,0.279864327020503,0.425235074228943,0.891109450767996,0.4,cis_trans,No
ILMN_1778032,rs6099626,rs3118663,436919,324161,513419,310302,513419,1,0.698723071172135,0.552241695227125,SURF6,20,9,498352,301291,9,1.09,1,9.51,0,7.87,5.5,0.057,6.14,6.152,9941627,7.04110101897808e-07,1.09,1.04,9.35650646516351e-07,5.77362054055008e-07,0.550480640126114,0.758681078091288,0.529308307813571,0.729501036626238,0.714232723328197,0.571822638040215,0.4,cis_trans,No
ILMN_1778144,rs7204135,rs3782908,420691,283658,511337,265944,511337,1,0.674041119129441,0.415490043389692,FLJ20489,16,12,439852,364738,12,1.61,10,9.42,0,9.12,6.49,0.1,6.899,6.521,9946617,3.01610085117382e-07,1.61,1.22,1.18815990903798e-05,8.50900576665481e-07,0.584360544051072,0.983396233890053,0.478984052500879,0.806062486795125,0.751200467168305,0.521278669868605,0.4,cis_trans,No
ILMN_1787808,rs3825569,rs13079012,394412,238110,509654,211316,509654,1,0.788932145157909,0.595129629382185,CEP63,14,3,417060,107409,3,0.87,1,9.29,0,9.06,6.44,0.042,6.36,6.966,9255516,1.08043679034211e-07,0.87,0.95,5.06560496882358e-07,1.30629431083218e-06,0.427386857230485,0.695450618783686,0.449880902347879,0.732053282930196,0.772532667342638,0.570095113878816,0.4,cis_trans,No
ILMN_1790692,rs4145072,rs7577293,371547,201057,507536,163472,507536,1,0.350822444198765,0.955501806690713,GNLY,13,2,399696,57867,2,1.4,0,9.15,0,7.35,5.09,0.078,5.785,5.918,9927636,1.20874697662162e-06,1.4,1.15,6.17258135426901e-06,9.12424700461045e-07,1.10923151839266,0.16631180517507,0.964549146428402,0.1446189610218,0.426099410062897,0.965389329650645,0.4,cis_trans,No
ILMN_1804935,rs348462,rs2267952,429755,324242,501445,310743,501445,1,0.675093192502017,0.487738289886638,VNN3,9,6,288589,210583,6,1.51,13,9.51,0,9.29,6.62,0.093,6.444,5.918,9942441,1.20694706662076e-06,1.51,1.19,1.45493529846163e-05,1.69571556773995e-06,0.582910370707761,0.859396607255141,0.489840647653581,0.72218202290348,0.743225143913776,0.576791997982119,0.4,cis_trans,No
ILMN_1815951,rs2438490,rs2731939,422137,322142,490604,308883,490604,2,0.54919754259147,0.648838726026964,PCYOX1L,5,3,176660,88265,5,1.11,1,9.5,0,7.68,5.35,0.057,6.197,6.219,9943616,6.03402223094697e-07,1.11,1.05,5.12613806513684e-07,2.81479643149396e-07,0.763396014623111,0.619257993114293,0.727043823450582,0.589769517251707,0.573559146408465,0.670096732698939,0.4,cis_trans,No
ILMN_2084825,rs2855039,rs12503379,398571,258304,494009,238692,494009,1,0.343987679892849,0.995863388197388,HBG2,11,4,330753,141967,11,1.44,3,9.36,0,8.2,5.76,0.084,5.975,5.803,5716410,1.57441471133106e-06,1.44,1.16,1.5694133592814e-05,2.27153413678849e-06,1.12353605673262,0.046883610858266,0.968565566148813,0.0404169059122983,0.423857517662749,0.996899316013906,0.4,cis_trans,No
ILMN_2123450,rs17112712,rs6906101,425930,300646,508304,285395,508304,1,0.87702276082689,0.411425210793257,FLJ43093,14,6,417759,193757,6,1.05,0,9.46,0,7.07,4.87,0.054,5.484,5.647,9763238,2.25335078382807e-06,1.05,1.02,1.8252153378695e-06,1.36646160653342e-06,0.301497781038042,0.990821445330232,0.295586059841217,0.971393573853169,0.880908262590665,0.422123716926053,0.4,cis_trans,No
ILMN_2158336,rs1034120,rs17455517,445822,336138,518879,322185,518879,1,0.660758253774823,0.602643483611877,SH3GLB2,21,9,500662,300271,9,1.13,3,9.53,0,8.09,5.68,0.06,7.402,6.997,9940050,1.00603115678493e-07,1.13,1.05,8.26538742915162e-06,4.31235270470509e-06,0.602725636944159,0.684614918553126,0.574024416137294,0.652014208145834,0.681549150830112,0.62550965773789,0.4,cis_trans,No
ILMN_2381758,rs10230232,rs1553985,418894,295215,498170,280674,498170,2,0.423844809749336,0.828317335994904,G3BP2,7,4,226369,131563,4,1.02,0,9.45,0,7.6,5.29,0.052,5.185,5.504,9889851,3.13452649589969e-06,1.02,1.01,3.33788432227422e-07,3.01073023734055e-07,0.968588377262924,0.372556479876034,0.958998393329628,0.368867801857459,0.429212047039049,0.830922431269937,0.4,cis_trans,No
ILMN_2391861,rs12248673,rs11101992,368914,180304,499255,147051,499255,1,0.639147388510246,0.537465687155256,GSTM1,10,1,312837,19267,1,1.15,5,9.09,0,8.97,6.37,0.06,6.112,6.296,9878030,5.06173801861302e-07,1.15,1.06,7.81330441601558e-06,3.80949805001141e-06,0.632863138657733,0.781090022213917,0.597040696846918,0.736877379447092,0.664861590794175,0.566837518230061,0.4,cis_trans,No
ILMN_1675191,rs7082031,rs10070522,413964,281670,499180,265591,499180,1,0.784774174283279,0.554231495979834,GAPT,10,5,327659,161112,5,1.36,4,9.42,0,8.32,5.86,0.079,5.716,5.493,9947794,3.21679359262968e-06,1.36,1.14,1.45152956276817e-06,2.0894695151874e-07,0.433103705200689,0.755689863044413,0.379915530877797,0.662885844775801,0.823080370269405,0.617842686483187,0.3,cis_trans,No
ILMN_1694027,rs355391,rs684856,436969,326119,510772,312074,510772,1,0.863226451773698,0.486695501778909,SESN3,15,11,422024,346337,11,1.33,6,9.51,0,9,6.39,0.079,5.668,5.396,9944086,4.02249135818013e-06,1.33,1.13,1.23302544546844e-05,2.97794927073269e-06,0.322140309695823,0.861092449105159,0.285079920084799,0.762028716022264,0.887734895445246,0.550019616733213,0.3,cis_trans,No
ILMN_1731001,rs726145,rs12115088,435897,324604,510132,311026,510132,1,0.91030700134102,0.512856739456236,ERICH1,18,8,467981,247992,8,1.25,5,9.51,0,8.45,5.96,0.07,5.653,5.535,9942767,2.9166931096746e-06,1.25,1.1,6.76156557277707e-06,2.10559006741384e-06,0.249016717183266,0.81924388192024,0.226378833802969,0.744767165382036,0.923688277517236,0.561531582978906,0.3,cis_trans,No
ILMN_1752728,rs4971478,rs12744386,413381,307930,484208,294595,484208,1,0.49924216374135,0.976336447542001,FUCA1,2,1,40356,4423,1,1.3,2,9.48,0,8.05,5.64,0.074,6.41,6.22,9946838,6.0320676781908e-07,1.3,1.12,1.11815797073644e-05,3.05289831181721e-06,0.841025873855528,0.117477493303897,0.750915958799579,0.104890619021337,0.557494951314827,0.9808214327472,0.3,cis_trans,No
ILMN_1780533,rs6603134,rs11628398,416348,263681,518045,242677,518045,2,0.603418275420646,0.806310322191277,RNASE6,19,14,479392,400746,14,0.98,0,9.37,0,7.32,5.07,0.049,5.114,5.535,9939209,2.91773721631168e-06,0.98,0.99,7.69661699928648e-08,8.67132685655747e-08,0.683580473438987,0.403386468471483,0.690485326706047,0.407461079264124,0.598624711882575,0.803374689437112,0.3,cis_trans,No
ILMN_1789176,rs4890648,rs6928843,435246,321347,511523,306918,511523,2,0.551516788077314,0.996549997728941,PSMB1,18,6,470385,219038,6,0.99,2,9.5,0,8.21,5.77,0.05,5.141,5.349,9837114,4.47285657155137e-06,0.99,1,1.60545673422163e-08,1.89224582669567e-08,0.759896933851474,0.0426974280873305,0.759896933851474,0.0426974280873305,0.551516788077301,0.996549997728937,0.3,cis_trans,No
ILMN_2115005,rs4803848,rs831486,437601,316473,516717,301879,516717,1,0.558666512263435,0.760578181365114,FGD2,19,6,484378,193886,6,1.09,1,9.49,0,8.02,5.62,0.058,5.69,5.821,9942499,1.50867503230325e-06,1.09,1.04,1.44796245560297e-06,9.1101289401152e-07,0.74916228658342,0.466215266012602,0.720348352484058,0.448283909627502,0.578108785622864,0.773710736087547,0.3,cis_trans,No
ILMN_2336109,rs4822006,rs1294338,406244,283388,486278,268500,486278,1,0.915500230347013,0.467307667067354,L3MBTL2,22,1,512882,36429,22,1.1,1,9.43,0,7.72,5.38,0.057,5.883,5.718,8362425,1.9133205977931e-06,1.1,1.04,7.07667544419532e-06,4.3157522096049e-06,0.240363528877073,0.89307717136655,0.231118777766417,0.858728049390913,0.920942394474158,0.488149799339813,0.3,cis_trans,No
ILMN_1697227,rs2279308,rs7225546,428423,294135,515007,278290,515007,1,0.723328884192258,0.939575108150712,USP36,17,17,461634,461214,17,0.94,5,9.45,0,8.37,5.9,0.046,5.715,5.956,9939506,1.10669483976367e-06,0.94,0.98,1.22214890585504e-06,1.89630202374058e-06,0.516917093177948,0.197795303517849,0.527466421610151,0.201831942365152,0.715584120005255,0.93741069339661,0.2,cis_cis,No
ILMN_1701875,rs6056281,rs2242601,423183,283725,513578,266207,513578,2,0.979268724531456,0.551600203329026,ZYX,20,7,489371,244770,7,1.25,0,9.42,0,7.52,5.23,0.068,6.036,6.082,8450275,8.28375407900926e-07,1.25,1.1,5.79345156959121e-07,1.32070948843932e-07,0.109348635190023,0.759646718739782,0.0994078501727485,0.690587926127074,0.982641250919853,0.598496020923701,0.2,cis_trans,No
ILMN_1706553,rs8035259,rs10911353,419355,281020,511264,263034,511264,1,0.822121724612421,0.682443124927876,SMG7,15,1,432019,27530,1,1.1,1,9.41,0,7.72,5.38,0.056,6.524,6.517,9869977,3.03952076078799e-07,1.1,1.04,2.77180139762745e-06,1.60837708418349e-06,0.381264320483835,0.572769228487058,0.366600308157534,0.550739642776017,0.83249881144263,0.698520705909923,0.2,cis_trans,No
ILMN_1712305,rs7852475,rs888427,419368,288980,501600,273903,501600,1,0.960353646646724,0.627270278243827,CYBRD1,9,2,302217,70498,2,1.36,3,9.44,0,8.36,5.89,0.078,5.681,5.385,9939615,4.12490825851907e-06,1.36,1.14,7.0881734453021e-06,1.35660651112701e-06,0.15589312611003,0.64952558466784,0.136748356236868,0.569759284796351,0.968721485542284,0.684635013547752,0.2,cis_trans,No
ILMN_1752932,rs1805,rs11771552,424483,314346,497524,300652,497524,1,0.585687487317705,0.975591886239683,MPZL2,11,7,351150,246976,11,1.15,2,9.49,0,8.05,5.64,0.063,5.904,5.909,8928407,1.23202268892984e-06,1.15,1.06,3.91177428127332e-06,1.80705032626349e-06,0.709255665969018,0.11946698442012,0.669109118838696,0.112704702283132,0.613522313767884,0.978083438382977,0.2,cis_trans,No
ILMN_1760727,rs9322855,rs4866516,421871,311243,494514,297868,494514,1,0.628109359583447,0.957160063671403,ANG,14,5,400735,151459,14,1.08,0,9.48,0,7.38,5.12,0.056,5.749,5.815,9149406,1.53015397939495e-06,1.08,1.03,5.65334566826614e-07,3.29415013711198e-07,0.648401337779017,0.162812949807287,0.629515861921375,0.158070825055619,0.641534968591852,0.959369444988795,0.2,cis_trans,No
ILMN_1774604,rs6869411,rs4672884,423227,316329,494209,302853,494209,1,0.916910123811647,0.69243435145432,PNKD,5,2,178718,78034,2,1.17,1,9.49,0,8.34,5.87,0.062,6.352,6.298,9938935,5.03072009224328e-07,1.17,1.07,3.15503179137977e-11,4.73743266837801e-12,0.237986669833006,0.559066659706724,0.222417448442061,0.522492205333387,0.925959239930624,0.719229498117196,0.2,cis_trans,No
ILMN_1804663,rs1939875,rs4072037,425532,310962,501446,297446,501446,1,0.708831873293693,0.941644319036157,THBS3,11,1,346456,22201,1,0.93,0,9.48,0,7.13,4.92,0.044,5.546,5.956,9941786,1.10644103584607e-06,0.93,0.97,6.55100399149511e-07,1.01431181720457e-06,0.536673513728807,0.193889195314574,0.553271663637945,0.19988576836554,0.696682609727417,0.938457488219118,0.2,cis_trans,No
ILMN_1807825,rs977785,rs1543675,351092,163045,485767,124959,485767,1,0.714876145736171,0.748707517521654,LY86,6,1,185128,13585,6,1.28,2,9,0,7.99,5.6,0.07,5.611,5.926,5064015,1.1848306136534e-06,1.28,1.11,1.10347127617594e-05,3.16516541354339e-06,0.528431307922882,0.482383693543327,0.476064241371966,0.434579904093087,0.753344319455691,0.783712298396313,0.2,cis_trans,No
ILMN_2084825,rs12975066,rs2855039,417239,270145,517198,249676,517198,1,0.73382643643448,0.823548948943245,HBG2,19,11,483053,330753,11,1.43,3,9.39,0,8.47,5.98,0.084,5.765,5.821,9943463,1.50852876910187e-06,1.43,1.16,1.68217437543916e-05,2.68499409328271e-06,0.502629650776173,0.379284638845097,0.433301423082908,0.326969516245773,0.784630236909469,0.85997552867305,0.2,cis_trans,No
ILMN_1654545,rs4333645,rs1455268,421112,307876,495374,294544,495374,2,0.98818263645313,0.802010069512847,CPSF1,8,4,277130,129490,8,1.45,4,9.48,0,9.14,6.5,0.084,6.344,5.837,8934547,1.45502620334305e-06,1.45,1.17,2.05812347253698e-06,1.97899253651102e-07,0.0810328313605942,0.409352581868276,0.0692588302227301,0.349874001596817,0.991231836667873,0.844223819683695,0.1,cis_trans,No
ILMN_1755589,rs7312252,rs4532958,399575,247966,499486,226794,499486,2,0.954659226152579,0.812754055127558,DIP2B,12,10,365106,324794,12,1.16,5,9.33,0,9.15,6.51,0.059,5.034,5.417,9921784,3.82995638687559e-06,1.16,1.07,9.92756126194649e-08,3.56083433850074e-08,0.168035741266607,0.394414315849854,0.157042748847297,0.36861151014005,0.95982696837323,0.831103185676138,0.1,cis_trans,No
ILMN_1781184,rs7322768,rs7124681,432758,325123,507415,311104,507415,1,0.828947756664381,0.904711664390247,MYBPC3,13,11,399322,339525,11,1.24,7,9.51,0,9.1,6.47,0.069,5.699,5.636,8651688,2.31168761517984e-06,1.24,1.09,1.96686125308876e-06,5.03349364078254e-07,0.371634691768956,0.258214071158491,0.340949258503629,0.236893643264671,0.85037846986262,0.91757919763011,0.1,cis_trans,No
ILMN_1800540,rs750801,rs6700168,388183,227001,501044,200289,501044,2,0.922858642509263,0.824179952713241,CD55,11,1,342698,31523,1,0.79,0,9.26,0,7.34,5.09,0.034,5.094,5.441,9934401,3.62377157918228e-06,0.79,0.91,3.22031956656588e-10,3.41386008351208e-09,0.227816573476951,0.378395985463207,0.250347882941704,0.415819764245282,0.909499895748839,0.79733594165982,0.1,cis_trans,No
ILMN_1674609,rs17129799,rs6863172,427891,319348,500989,306106,500989,1,0.540892232752884,NA,CLTB,11,5,346786,182372,5,0.95,0,9.5,0,7.63,5.31,0.046,5.55,5.633,8595673,2.3267520763063e-06,0.95,0.98,6.99093196554479e-07,9.7245012176117e-07,0.775996858065044,NA,0.7918335286378,NA,0.530559728835512,NA,NA,cis_trans,No
ILMN_1718621,rs10838738,rs12800998,409276,262353,502993,243727,502993,2,NA,NA,TSPAN32,11,11,339532,330000,11,0.86,0,9.37,0,6.82,4.68,0.04,5.01,5.506,9937159,3.11960390288613e-06,0.86,0.94,3.96537559455012e-07,1.02065016105435e-06,NA,NA,NA,NA,NA,NA,NA,cis_cis,No
ILMN_1719649,rs1254086,rs4149226,435134,330825,506952,317134,506952,1,NA,NA,TMEM63A,13,1,391350,34991,1,1.17,1,9.52,0,7.93,5.55,0.063,5.599,5.719,9941791,1.9111244643948e-06,1.17,1.07,8.49697665494809e-06,3.91999494575579e-06,NA,NA,NA,NA,NA,NA,NA,cis_trans,No
ILMN_1768867,rs6453374,rs4684443,400789,262253,490561,244606,490561,1,NA,0.900452093983083,AP3B1,5,3,164413,84574,5,0.92,1,9.37,0,8.14,5.71,0.045,5.937,6.434,8154515,3.67894350553037e-07,0.92,0.97,2.65292641743464e-07,4.90050212409443e-07,NA,0.265081588577993,NA,0.273279988224735,NA,0.895299096546437,NA,cis_trans,No
ILMN_1776188,rs974607,rs6060034,347986,130877,519840,80976,519840,1,NA,0.0661870166209636,MAP1LC3A,21,20,503236,493800,20,0.96,0,8.77,0,7.65,5.33,0.05,5.779,6.12,6597997,7.57805740135984e-07,0.96,0.98,9.15182468586018e-07,1.11156575888227e-06,NA,2.20707247787547,NA,2.25211477334232,NA,0.0615226537946598,NA,cis_trans,No
ILMN_1789176,rs3862607,rs13207114,426873,315123,501649,300983,501649,1,0.36463456010006,NA,PSMB1,11,6,351790,219035,6,0.98,2,9.49,0,7.76,5.42,0.049,5.785,6.22,9946947,6.03200157797161e-07,0.98,0.99,1.27666133364901e-06,1.40112906366063e-06,1.08098964038921,NA,1.09190872766587,NA,0.359244170552846,NA,NA,cis_trans,No
ILMN_1809040,rs1552032,rs6687605,438382,326164,511350,312266,511350,1,NA,NA,LDLRAP1,15,1,424760,4697,1,1.08,1,9.51,0,7.81,5.46,0.056,5.995,5.816,9824589,1.52678142566575e-06,1.08,1.03,8.9795377433699e-07,5.34374135829907e-07,NA,NA,NA,NA,NA,NA,NA,cis_trans,No
ILMN_2097790,rs2279474,rs2460002,417809,273426,511615,254946,511615,1,0.92561024903927,NA,C1ORF86,18,1,470940,87,1,0.98,1,9.4,0,7.98,5.59,0.046,5.647,5.918,9942400,1.20695204377213e-06,0.98,0.99,1.50027017253862e-06,1.64409977521096e-06,0.22302873017052,NA,0.225281545626788,NA,0.924319528035051,NA,NA,cis_trans,No
ILMN_2258774,rs6564769,rs2863095,340296,140151,511299,89590,511299,1,NA,0.548621126171551,MRPL43,16,10,445767,322691,10,0.54,0,8.82,0,6.03,4.06,0.018,5.713,6.934,8589829,1.16416752882974e-07,0.54,0.79,6.16828810251491e-12,5.73898406575069e-09,NA,0.764139553496235,NA,0.967265257590171,NA,0.424423343150914,NA,cis_trans,No
ILMN_2336133,rs2836657,rs3785354,421549,268609,519561,249464,519561,1,NA,NA,SULT1A4,21,16,505458,439157,16,1.07,2,9.39,1,9.83,7.05,0.055,5.825,5.974,9412630,1.06240232538621e-06,1.07,1.03,4.84355994434527e-06,3.45653587441319e-06,NA,NA,NA,NA,NA,NA,NA,cis_trans,No
ILMN_2338197,rs11247226,rs1278387,419655,298715,499526,284450,499526,1,0.747833660021732,NA,LINS1,15,10,432952,327568,15,1.04,1,9.46,0,7.73,5.39,0.053,5.888,6.396,9945067,4.02209457211299e-07,1.04,1.02,8.10676740625738e-07,6.71702183874245e-07,0.483568074062941,NA,0.474086347120531,NA,0.754796239411363,NA,NA,cis_trans,No
ILMN_2359945,rs8192935,rs772788,388463,243774,483646,224360,483646,1,NA,NA,CES1,16,2,441020,81246,16,1.4,8,9.33,0,8.33,5.86,0.082,5.647,5.441,9939918,3.6217602599941e-06,1.4,1.15,1.10328238337454e-05,1.83266857700648e-06,NA,NA,NA,NA,NA,NA,NA,cis_trans,No
ILMN_2389970,rs12800998,rs620607,399961,256670,490948,238513,490948,1,NA,NA,TSPAN32,11,6,330000,211475,11,1.07,0,9.36,0,7.52,5.23,0.054,5.511,5.584,7671376,2.60709421621362e-06,1.07,1.03,3.6831985941177e-06,2.60302061871887e-06,NA,NA,NA,NA,NA,NA,NA,cis_trans,No
ILMN_3194087,rs7088558,rs4654783,399310,249781,499226,229387,499226,1,NA,NA,HSPC157,10,1,322534,4124,1,1.73,18,9.34,0,9.28,6.61,0.112,6.481,5.636,9941217,2.31360003508625e-06,1.73,1.26,3.35051783800777e-05,2.19987721972181e-06,NA,NA,NA,NA,NA,NA,NA,cis_trans,No
ILMN_3237385,rs2375269,rs7923609,427904,320371,501050,306815,501050,1,NA,NA,NRBF2,11,10,341728,315336,10,1.2,8,9.5,0,8.67,6.13,0.065,5.532,5.521,9945643,3.01639622496002e-06,1.2,1.08,1.43745219338687e-06,4.72866896306101e-07,NA,NA,NA,NA,NA,NA,NA,cis_trans,No
ILMN_3237385,rs6517815,rs7923609,443035,331742,518846,317669,518846,1,NA,NA,NRBF2,21,10,501052,315336,10,1.19,9,9.52,0,8.67,6.13,0.065,6.111,5.998,9948182,1.00520879091275e-06,1.19,1.08,1.46148472202068e-06,5.38111612713443e-07,NA,NA,NA,NA,NA,NA,NA,cis_trans,No
ILMN_3238662,rs10445863,rs750783,414873,305590,485766,292564,485766,1,NA,NA,SNORD89,2,2,61137,58831,2,1.21,3,9.47,0,8.93,6.34,0.065,6.076,6.094,9944514,8.04463646991698e-07,1.21,1.08,2.09536091400064e-06,6.43517495957369e-07,NA,NA,NA,NA,NA,NA,NA,cis_cis,No
ILMN_3238662,rs11605822,rs750783,428266,315325,501342,301891,501342,1,NA,NA,SNORD89,11,2,352056,58831,2,1.21,4,9.49,0,8.93,6.34,0.066,5.958,6.05,7853793,8.91289087960429e-07,1.21,1.08,5.70262901877783e-06,1.95851839457362e-06,NA,NA,NA,NA,NA,NA,NA,cis_trans,No
ILMN_3238662,rs2135064,rs750783,422324,310803,494426,297521,494426,1,NA,NA,SNORD89,5,2,156108,58831,2,1.21,3,9.48,0,8.79,6.23,0.066,6.334,6.395,9933824,4.02664673744975e-07,1.21,1.08,1.75066700791593e-06,5.26913360276993e-07,NA,NA,NA,NA,NA,NA,NA,cis_trans,No
ILMN_3239426,rs7198646,rs7960552,426199,295321,511286,279452,511286,1,NA,NA,GPN3,16,12,438694,375917,12,0.99,2,9.45,0,8.24,5.79,0.047,5.719,5.997,9934987,1.00654384348968e-06,0.99,1,2.88017782734684e-07,3.30089466871186e-07,NA,NA,NA,NA,NA,NA,NA,cis_trans,No
ILMN_3266186,rs2109029,rs4760636,376248,186401,511334,152188,511334,1,NA,NA,HDAC7,16,12,434397,364739,12,1.06,0,9.11,0,7.26,5.02,0.049,5.754,5.995,9887100,1.01141891960231e-06,1.06,1.03,1.58053995436003e-06,1.21713660150569e-06,NA,NA,NA,NA,NA,NA,NA,cis_trans,No
ILMN_3297880,rs4889214,rs696221,438070,331053,510484,317208,510484,1,NA,NA,SEC13,16,3,445841,86023,3,1.08,2,9.52,1,9.65,6.91,0.055,6.48,6.395,9941918,4.02336852909066e-07,1.08,1.03,1.16290831164712e-06,7.00224670469041e-07,NA,NA,NA,NA,NA,NA,NA,cis_trans,No
ILMN_3309349,rs1105621,rs705837,421074,296704,501907,281841,501907,1,NA,NA,SNHG8,9,4,300577,138496,4,1.04,3,9.45,0,8,5.6,0.053,6.114,6.696,9931703,2.01375333112559e-07,1.04,1.02,3.4940772486447e-07,2.85140321021338e-07,NA,NA,NA,NA,NA,NA,NA,cis_trans,No
