probename,snp1,snp2,filter,gene,lambdaF,egcutFgc,fehrFgc,combPFgc,cis_trans,table1
ILMN_1652333,rs898095,rs9892064,2,FN3KRP,1.13,Inf,Inf,Inf,cis_cis,Yes
ILMN_1761797,rs9979356,rs3761385,2,CSTB,1.02,Inf,Inf,Inf,cis_cis,Yes
ILMN_2398939,rs8092433,rs4890876,2,MBP,1.08,Inf,9.05226597062785,Inf,cis_cis,Yes
ILMN_2121437,rs7563453,rs4973397,2,NCL,1.08,8.2472265056922,9.5665586158363,12.7,cis_cis,Yes
ILMN_1798308,rs10881585,rs842647,2,AHSA2,1.18,2.75621820869367,2.62639864062244,3,cis_trans,No
ILMN_2370573,rs1533031,rs12591171,1,XAF1,0.98,0.601020378414847,3.92041973435686,2.6,cis_trans,No
ILMN_2201966,rs12444224,rs11649236,1,N4BP1,1.06,1.24840891245261,3.14236255876101,2.4,cis_cis,No
ILMN_1658247,rs11613438,rs1047944,2,OAS1,1.2,2.26832080052707,1.94978615432417,2.2,cis_trans,No
ILMN_1688231,rs12412964,rs2395771,1,TREM1,1.08,2.11492945002676,2.07333851492064,2.2,cis_trans,No
ILMN_1702787,rs17085428,rs7695,2,SEMA4A,0.95,3.13526049093385,0.711980220775458,2.1,cis_trans,No
ILMN_2356111,rs1912136,rs6771703,1,SLC41A3,0.94,1.78754617120941,2.22902074872532,2.1,cis_trans,No
ILMN_1745949,rs4803481,rs2421050,1,CEACAM21,1.16,0.484336515925981,3.06306626277334,1.9,cis_trans,No
ILMN_1752932,rs7316716,rs1805,1,MPZL2,1.06,1.94864751758741,1.79213646065122,1.9,cis_trans,No
ILMN_1763455,rs9625870,rs10500316,1,VSTM1,1.1,2.26907362032033,1.52110169738886,1.9,cis_trans,No
ILMN_2087692,rs11257679,rs888427,1,CYBRD1,1.16,2.73135491449248,0.857820366717191,1.9,cis_trans,No
ILMN_1677814,rs9455,rs4732202,1,ABCC3,1.02,3.0211475774882,0.168565950564505,1.8,cis_trans,No
ILMN_1694711,rs7983718,rs1096699,2,MAD2L1BP,1.01,2.09156945343492,1.37266381367472,1.7,cis_trans,No
ILMN_2401641,rs3760489,rs11720112,1,ALDH3A2,1.01,2.45267041654309,0.881474869007667,1.7,cis_trans,No
ILMN_1696347,rs2457684,rs7079264,1,CTSC,1.08,1.44758595269714,1.69880452698366,1.5,cis_trans,No
ILMN_1789176,rs7299749,rs13207114,1,PSMB1,0.99,0.87554030423454,2.22925316726369,1.5,cis_trans,No
ILMN_2338348,rs1893592,rs7512594,1,UBASH3A,1.12,2.11470366941452,1.029931220793,1.5,cis_trans,No
ILMN_1762861,rs11660982,rs2523404,1,HLA-F,1.04,1.08552234563834,1.87850751690405,1.4,cis_trans,No
ILMN_2207363,rs1075728,rs7951628,2,RABAC1,0.9,1.90090058771316,0.897033687550161,1.3,cis_trans,No
ILMN_1699631,rs1147447,rs2950520,1,GATS,1.16,1.20473957338292,1.45885680516741,1.2,cis_trans,No
ILMN_1720083,rs10403312,rs1048166,1,EHD4,1.11,1.01841965513253,1.62463135606547,1.2,cis_trans,No
ILMN_1757467,rs139898,rs4853333,2,H1F0,1,1.44034112064244,1.22249808593297,1.2,cis_trans,No
ILMN_1799381,rs1520429,rs214097,2,SNORD14A,1.08,1.84414813442667,0.755870777433155,1.2,cis_trans,No
ILMN_2115005,rs902634,rs831489,1,FGD2,1.07,0.404959581719515,2.09170539464457,1.2,cis_trans,No
ILMN_1663664,rs10955512,rs722269,1,MRPS10,1.03,1.46166499578969,1.08685115588274,1.1,cis_trans,No
ILMN_1665982,rs2896940,rs13332406,1,AKTIP,1.02,1.89526169192413,0.551035196334081,1.1,cis_cis,No
ILMN_1733998,rs1519956,rs7566044,1,DHRS9,1.09,2.01944669604153,0.288363233570755,1.1,cis_trans,No
ILMN_1741881,rs10122902,rs2526698,2,C9ORF72,0.92,0.140565658454899,2.05925261276753,1.1,cis_trans,No
ILMN_1752988,rs2568061,rs6553184,1,C11ORF17,1.03,0.242664464719211,2.10553165883877,1.1,cis_trans,No
ILMN_1804663,rs8014956,rs2049805,1,THBS3,1,1.58680141047125,0.853876494652612,1.1,cis_trans,No
ILMN_1662358,rs459498,rs8130120,1,MX1,1.17,1.57146741612012,0.703413021869071,1,cis_cis,No
ILMN_1683811,rs199793,rs10488630,1,TNPO3,1.12,0.525080159443866,1.78372342216087,1,cis_trans,No
ILMN_1700238,rs4823723,rs2290560,2,ZNF500,0.93,0.837348470969268,1.56325705746752,1,cis_trans,No
ILMN_1730928,rs9905940,rs11655031,1,CDK5R1,1.04,0.327463051682364,1.80523709563942,1,cis_cis,No
ILMN_1745778,rs6985508,rs7701916,1,SLC45A4,0.98,0.346230760058538,1.78175534757422,1,cis_trans,No
ILMN_1763663,rs9325634,rs2287197,1,FLJ20718,1.04,1.80821916600844,0.488803527788039,1,cis_trans,No
ILMN_1775380,rs8118315,rs11677815,1,SMOX,1.03,1.34058287953483,0.970428884399334,1,cis_trans,No
ILMN_1789419,rs187076,rs12188164,1,EXOC3,0.95,0.65328956101736,1.65046128321373,1,cis_trans,No
ILMN_1811104,rs4349034,rs727905,1,KTELC1,0.94,1.75901506816667,0.398646496431432,1,cis_trans,No
ILMN_2313901,rs28092,rs784600,1,PAM,1.04,1.04322216440588,1.3796702680573,1,cis_trans,No
ILMN_2358069,rs7783715,rs6414306,1,MAD1L1,1.09,1.63399755831805,0.682759109094124,1,cis_trans,No
ILMN_1663664,rs11698155,rs2395803,1,MRPS10,1.06,1.3124092721221,0.806237027541184,0.9,cis_trans,No
ILMN_1730816,rs2707210,rs9827054,1,GPR162,1.08,0.28725596604007,1.74597543150382,0.9,cis_trans,No
ILMN_1742456,rs17780195,rs2273770,1,OSTF1,1.12,1.57181903795678,0.495256463098654,0.9,cis_trans,No
ILMN_1751956,rs740441,rs4147592,1,MGST3,0.99,0.795727297824578,1.30765145900347,0.9,cis_trans,No
ILMN_1797001,rs4937097,rs7042042,2,DDX58,0.98,0.831521984466418,1.39401718353833,0.9,cis_trans,No
ILMN_2157441,rs4899635,rs7192,1,HLA-DRA,1.15,0.485639078355558,1.57140072211135,0.9,cis_trans,No
ILMN_2372413,rs181405,rs10888267,2,BID,1.07,0.527459898153326,1.64379050059697,0.9,cis_trans,No
ILMN_1662358,rs459498,rs11160227,1,MX1,1.17,1.04419250172396,0.956009848748744,0.8,cis_trans,No
ILMN_1671568,rs5992637,rs11206043,1,ECHDC2,1.03,0.538166869090492,1.3706836813309,0.8,cis_trans,No
ILMN_1678939,rs13044386,rs1883617,1,VNN2,1.21,1.23489554350407,0.826903861975147,0.8,cis_trans,No
ILMN_1690982,rs5760102,rs2378341,1,DDT,1.04,0.714227386174238,1.3511037110589,0.8,cis_trans,No
ILMN_1811104,rs6815953,rs6414283,1,KTELC1,0.94,0.390966960729226,1.50098726311535,0.8,cis_trans,No
ILMN_2097790,rs7188668,rs2460002,1,C1ORF86,0.99,1.1961203839515,0.835568483098793,0.8,cis_trans,No
ILMN_2202940,rs591967,rs2695290,1,CHPT1,1.07,0.599339570836969,1.43757554306869,0.8,cis_trans,No
ILMN_2347193,rs11557467,rs4965745,1,GSDMB,1.1,0.585826484477027,1.33946815237445,0.8,cis_trans,No
ILMN_2368530,rs765044,rs1554999,1,IL32,1.1,0.639490641499998,1.356061074267,0.8,cis_trans,No
ILMN_1656378,rs10906857,rs12490878,1,NMT2,1.04,0.882718584519094,1.00314572931563,0.7,cis_trans,No
ILMN_1660232,rs10444467,rs4329748,1,PEX5,1.04,1.45328301340228,0.368527638897028,0.7,cis_cis,No
ILMN_1675756,rs2186344,rs424299,1,KCNJ15,1.1,0.438387056610389,1.29633880586799,0.7,cis_trans,No
ILMN_1683792,rs7042087,rs7658240,1,LAP3,0.99,1.14802594999888,0.740789587567698,0.7,cis_trans,No
ILMN_1697971,rs2527180,rs2032447,1,TRIM38,1.2,1.51960230233907,0.206671219296704,0.7,cis_trans,No
ILMN_1713603,rs2188355,rs10492793,2,PRKCB1,0.97,0.455289399278493,1.27653871434832,0.7,cis_cis,No
ILMN_1717052,rs2221406,rs1000620,2,STARD10,1.08,0.426520063172911,1.34259960170937,0.7,cis_trans,No
ILMN_1728742,rs1122762,rs286595,1,C5ORF4,1.07,0.215009202314809,1.42711688454877,0.7,cis_trans,No
ILMN_1757467,rs139898,rs9983949,2,H1F0,1.01,1.13748643727375,0.727228447390111,0.7,cis_trans,No
ILMN_1789176,rs6060930,rs9295415,2,PSMB1,0.99,0.672354945067194,1.09460746923542,0.7,cis_trans,No
ILMN_1662617,rs12914603,rs11156875,1,PPP2R3C,0.92,1.13666253141933,0.509309432502378,0.6,cis_trans,No
ILMN_1663664,rs1420537,rs13217993,1,MRPS10,1.06,0.70878350064962,0.97867279396284,0.6,cis_trans,No
ILMN_1704870,rs12982353,rs1263806,1,PGLYRP1,1.05,1.36326892217924,0.204808060640377,0.6,cis_trans,No
ILMN_1712305,rs2592948,rs888427,1,CYBRD1,1.14,1.08454955390503,0.617224185799648,0.6,cis_trans,No
ILMN_1733998,rs1528529,rs7566044,1,DHRS9,1.1,0.831371818935894,0.880215039958464,0.6,cis_trans,No
ILMN_1757467,rs139898,rs6497007,2,H1F0,1.01,0.841211724285164,0.770498257141257,0.6,cis_trans,No
ILMN_1778010,rs1554999,rs4759890,1,IL32,1.06,1.11288632643186,0.587378730743592,0.6,cis_trans,No
ILMN_1780533,rs11628398,rs7324365,1,RNASE6,0.99,0.671634285064321,1.05674600769495,0.6,cis_trans,No
ILMN_2123450,rs6906101,rs13214069,1,FLJ43093,1.02,1.38031374655729,0.0763567192110281,0.6,cis_cis,No
ILMN_2327795,rs3852011,rs301819,1,RERE,1.1,1.23014790828127,0.343571809377581,0.6,cis_trans,No
ILMN_1668063,rs12580388,rs10120023,1,FCN1,1.04,0.809982639816297,0.75903720369478,0.5,cis_trans,No
ILMN_1671568,rs4234091,rs11206043,1,ECHDC2,1.03,0.908748365445095,0.658190019893837,0.5,cis_trans,No
ILMN_1713966,rs1950857,rs3811188,1,MRPL52,1.05,1.03267017462924,0.489265001167118,0.5,cis_cis,No
ILMN_1726989,rs2334323,rs2257182,1,C1ORF86,1.04,1.14106769764246,0.0845268296765404,0.5,cis_trans,No
ILMN_1781184,rs10134030,rs1317149,1,MYBPC3,1.08,1.04013798324136,0.457155333857897,0.5,cis_trans,No
ILMN_1783996,rs10120023,rs2519515,1,DEM1,1.04,0.999437597172827,0.360371783622264,0.5,trans_trans,No
ILMN_1800197,rs17469061,rs750495,1,MRPL36,1,0.592382489139316,0.902906503106287,0.5,cis_trans,No
ILMN_1804854,rs924943,rs176382,1,CTNNA1,0.94,1.10653800938145,0.175407249652907,0.5,cis_trans,No
ILMN_2084825,rs2855039,rs12042181,1,HBG2,1.16,1.07912651892516,0.264519425963136,0.5,cis_trans,No
ILMN_2189936,rs4900928,rs1502991,1,RPL36AL,0.98,0.648557582066535,0.900406115548202,0.5,cis_trans,No
ILMN_2196550,rs2110603,rs674754,2,C13ORF18,1.02,0.781024593960023,0.784619107922658,0.5,cis_trans,No
ILMN_2309848,rs17398183,rs2285515,1,FXYD5,1.03,1.11526073947404,0.199672808178105,0.5,cis_trans,No
ILMN_2381899,rs7192613,rs17512962,1,OPTN,1.01,0.293311509359306,1.03709246619156,0.5,cis_trans,No
ILMN_1660232,rs7495797,rs4329748,1,PEX5,1.04,0.379054929843726,0.869150276553067,0.4,cis_trans,No
ILMN_1678939,rs216495,rs1883617,1,VNN2,1.22,0.510343087095975,0.728057477400373,0.4,cis_trans,No
ILMN_1684628,rs909446,rs1182968,1,ZFP90,1.07,0.891835567141574,0.375714026832607,0.4,cis_trans,No
ILMN_1738347,rs1107121,rs2819365,2,RNPEP,1.1,0.763999352110167,0.407806246240548,0.4,cis_trans,No
ILMN_1763386,rs8919,rs9804943,1,BID,1.06,0.96609578648697,0.279864327020503,0.4,cis_trans,No
ILMN_1778032,rs6099626,rs3118663,1,SURF6,1.04,0.529308307813571,0.729501036626238,0.4,cis_trans,No
ILMN_1778144,rs7204135,rs3782908,1,FLJ20489,1.22,0.478984052500879,0.806062486795125,0.4,cis_trans,No
ILMN_1787808,rs3825569,rs13079012,1,CEP63,0.95,0.449880902347879,0.732053282930196,0.4,cis_trans,No
ILMN_1790692,rs4145072,rs7577293,1,GNLY,1.15,0.964549146428402,0.1446189610218,0.4,cis_trans,No
ILMN_1804935,rs348462,rs2267952,1,VNN3,1.19,0.489840647653581,0.72218202290348,0.4,cis_trans,No
ILMN_1815951,rs2438490,rs2731939,2,PCYOX1L,1.05,0.727043823450582,0.589769517251707,0.4,cis_trans,No
ILMN_2084825,rs2855039,rs12503379,1,HBG2,1.16,0.968565566148813,0.0404169059122983,0.4,cis_trans,No
ILMN_2123450,rs17112712,rs6906101,1,FLJ43093,1.02,0.295586059841217,0.971393573853169,0.4,cis_trans,No
ILMN_2158336,rs1034120,rs17455517,1,SH3GLB2,1.05,0.574024416137294,0.652014208145834,0.4,cis_trans,No
ILMN_2381758,rs10230232,rs1553985,2,G3BP2,1.01,0.958998393329628,0.368867801857459,0.4,cis_trans,No
ILMN_2391861,rs12248673,rs11101992,1,GSTM1,1.06,0.597040696846918,0.736877379447092,0.4,cis_trans,No
ILMN_1675191,rs7082031,rs10070522,1,GAPT,1.14,0.379915530877797,0.662885844775801,0.3,cis_trans,No
ILMN_1694027,rs355391,rs684856,1,SESN3,1.13,0.285079920084799,0.762028716022264,0.3,cis_trans,No
ILMN_1731001,rs726145,rs12115088,1,ERICH1,1.1,0.226378833802969,0.744767165382036,0.3,cis_trans,No
ILMN_1752728,rs4971478,rs12744386,1,FUCA1,1.12,0.750915958799579,0.104890619021337,0.3,cis_trans,No
ILMN_1780533,rs6603134,rs11628398,2,RNASE6,0.99,0.690485326706047,0.407461079264124,0.3,cis_trans,No
ILMN_1789176,rs4890648,rs6928843,2,PSMB1,1,0.759896933851474,0.0426974280873305,0.3,cis_trans,No
ILMN_2115005,rs4803848,rs831486,1,FGD2,1.04,0.720348352484058,0.448283909627502,0.3,cis_trans,No
ILMN_2336109,rs4822006,rs1294338,1,L3MBTL2,1.04,0.231118777766417,0.858728049390913,0.3,cis_trans,No
ILMN_1697227,rs2279308,rs7225546,1,USP36,0.98,0.527466421610151,0.201831942365152,0.2,cis_cis,No
ILMN_1701875,rs6056281,rs2242601,2,ZYX,1.1,0.0994078501727485,0.690587926127074,0.2,cis_trans,No
ILMN_1706553,rs8035259,rs10911353,1,SMG7,1.04,0.366600308157534,0.550739642776017,0.2,cis_trans,No
ILMN_1712305,rs7852475,rs888427,1,CYBRD1,1.14,0.136748356236868,0.569759284796351,0.2,cis_trans,No
ILMN_1752932,rs1805,rs11771552,1,MPZL2,1.06,0.669109118838696,0.112704702283132,0.2,cis_trans,No
ILMN_1760727,rs9322855,rs4866516,1,ANG,1.03,0.629515861921375,0.158070825055619,0.2,cis_trans,No
ILMN_1774604,rs6869411,rs4672884,1,PNKD,1.07,0.222417448442061,0.522492205333387,0.2,cis_trans,No
ILMN_1804663,rs1939875,rs4072037,1,THBS3,0.97,0.553271663637945,0.19988576836554,0.2,cis_trans,No
ILMN_1807825,rs977785,rs1543675,1,LY86,1.11,0.476064241371966,0.434579904093087,0.2,cis_trans,No
ILMN_2084825,rs12975066,rs2855039,1,HBG2,1.16,0.433301423082908,0.326969516245773,0.2,cis_trans,No
ILMN_1654545,rs4333645,rs1455268,2,CPSF1,1.17,0.0692588302227301,0.349874001596817,0.1,cis_trans,No
ILMN_1755589,rs7312252,rs4532958,2,DIP2B,1.07,0.157042748847297,0.36861151014005,0.1,cis_trans,No
ILMN_1781184,rs7322768,rs7124681,1,MYBPC3,1.09,0.340949258503629,0.236893643264671,0.1,cis_trans,No
ILMN_1800540,rs750801,rs6700168,2,CD55,0.91,0.250347882941704,0.415819764245282,0.1,cis_trans,No
ILMN_1674609,rs17129799,rs6863172,1,CLTB,0.98,0.7918335286378,NA,NA,cis_trans,No
ILMN_1718621,rs10838738,rs12800998,2,TSPAN32,0.94,NA,NA,NA,cis_cis,No
ILMN_1719649,rs1254086,rs4149226,1,TMEM63A,1.07,NA,NA,NA,cis_trans,No
ILMN_1768867,rs6453374,rs4684443,1,AP3B1,0.97,NA,0.273279988224735,NA,cis_trans,No
ILMN_1776188,rs974607,rs6060034,1,MAP1LC3A,0.98,NA,2.25211477334232,NA,cis_trans,No
ILMN_1789176,rs3862607,rs13207114,1,PSMB1,0.99,1.09190872766587,NA,NA,cis_trans,No
ILMN_1809040,rs1552032,rs6687605,1,LDLRAP1,1.03,NA,NA,NA,cis_trans,No
ILMN_2097790,rs2279474,rs2460002,1,C1ORF86,0.99,0.225281545626788,NA,NA,cis_trans,No
ILMN_2258774,rs6564769,rs2863095,1,MRPL43,0.79,NA,0.967265257590171,NA,cis_trans,No
ILMN_2336133,rs2836657,rs3785354,1,SULT1A4,1.03,NA,NA,NA,cis_trans,No
ILMN_2338197,rs11247226,rs1278387,1,LINS1,1.02,0.474086347120531,NA,NA,cis_trans,No
ILMN_2359945,rs8192935,rs772788,1,CES1,1.15,NA,NA,NA,cis_trans,No
ILMN_2389970,rs12800998,rs620607,1,TSPAN32,1.03,NA,NA,NA,cis_trans,No
ILMN_3194087,rs7088558,rs4654783,1,HSPC157,1.26,NA,NA,NA,cis_trans,No
ILMN_3237385,rs2375269,rs7923609,1,NRBF2,1.08,NA,NA,NA,cis_trans,No
ILMN_3237385,rs6517815,rs7923609,1,NRBF2,1.08,NA,NA,NA,cis_trans,No
ILMN_3238662,rs10445863,rs750783,1,SNORD89,1.08,NA,NA,NA,cis_cis,No
ILMN_3238662,rs11605822,rs750783,1,SNORD89,1.08,NA,NA,NA,cis_trans,No
ILMN_3238662,rs2135064,rs750783,1,SNORD89,1.08,NA,NA,NA,cis_trans,No
ILMN_3239426,rs7198646,rs7960552,1,GPN3,1,NA,NA,NA,cis_trans,No
ILMN_3266186,rs2109029,rs4760636,1,HDAC7,1.03,NA,NA,NA,cis_trans,No
ILMN_3297880,rs4889214,rs696221,1,SEC13,1.03,NA,NA,NA,cis_trans,No
ILMN_3309349,rs1105621,rs705837,1,SNHG8,1.02,NA,NA,NA,cis_trans,No
