rs_id,relation2probe
rs4743420,trans
rs1537146,trans
rs10120023,trans
rs348462,trans
rs2273770,cis
rs1410575,trans
rs1105621,trans
rs7042087,trans
rs1887778,trans
rs10869600,trans
rs7852475,trans
rs10881585,trans
rs7871178,trans
rs4266763,cis
rs10122902,cis
rs2123758,cis
rs587639,trans
rs8180944,cis
rs1443946,trans
rs10955512,trans
rs6985508,cis
rs166444,trans
rs4735895,cis
rs4333645,cis
rs2896452,cis
rs4735830,trans
rs2958482,cis
rs7776572,cis
rs2286842,cis
rs10278073,trans
rs10435352,trans
rs2527180,trans
rs7778910,trans
rs4503014,trans
rs2707575,trans
rs12718598,trans
rs10230232,trans
rs11981513,trans
rs7783715,cis
rs1528529,trans
rs3211834,cis
rs12532999,trans
rs6906101,cis
rs3757155,trans
rs4946705,trans
rs2030926,trans
rs2523971,trans
rs6928843,cis
rs7757871,trans
rs977785,cis
rs12527241,trans
rs2334323,trans
rs6894268,cis
rs12719343,trans
rs7733671,cis
rs2545385,trans
rs2438490,cis
rs7710738,trans
rs6453374,cis
rs2135064,trans
rs6869411,trans
rs10070522,cis
rs17085428,trans
rs28092,cis
rs1388935,trans
rs6845304,trans
rs4392535,trans
rs6815953,trans
rs969010,trans
rs7661304,trans
rs2592948,trans
rs2131290,trans
rs7697290,trans
rs16864367,cis
rs3852011,trans
rs347331,trans
rs9290426,trans
rs2208123,trans
rs5766218,trans
rs134447,trans
rs2071856,trans
rs2213360,trans
rs5760102,cis
rs715572,trans
rs139898,cis
rs140522,cis
rs9625870,trans
rs380708,trans
rs5762235,trans
rs6009951,trans
rs139568,trans
rs4823723,trans
rs470119,cis
rs470072,cis
rs6010061,trans
rs11089825,trans
rs131969,trans
rs241730,trans
rs2746971,trans
rs8919,cis
rs5752236,trans
rs6518752,cis
rs4141404,cis
rs4822006,cis
rs5992637,trans
rs181405,cis
rs1034120,trans
rs2837803,trans
rs2835998,trans
rs2823165,trans
rs2822124,trans
rs8134646,trans
rs459498,cis
rs2839372,cis
rs9979356,cis
rs9978658,cis
rs974607,trans
rs2831914,trans
rs3916995,trans
rs2839013,trans
rs2827076,trans
rs1029231,cis
rs2834541,trans
rs909446,trans
rs1893592,cis
rs2836657,trans
rs9325634,trans
rs4819271,cis
rs2829679,trans
rs2186344,cis
rs6517815,trans
rs2823245,trans
rs1107121,trans
rs6099626,trans
rs13039689,trans
rs4143674,trans
rs845787,cis
rs4813479,cis
rs6056281,trans
rs199793,trans
rs2425256,trans
rs1884655,cis
rs13044386,trans
rs6060930,trans
rs11698155,trans
rs6139887,cis
rs1157079,trans
rs11700063,cis
rs1535883,cis
rs6128397,trans
rs2868504,trans
rs8118315,cis
rs6021982,trans
rs6137908,trans
rs6040514,trans
rs6090518,trans
rs17398183,trans
rs6132112,trans
rs200609,trans
rs6079849,trans
rs911019,trans
rs6025645,trans
rs6063164,trans
rs10445863,trans
rs7563453,cis
rs888427,cis
rs10930170,trans
rs4852124,trans
rs4971478,trans
rs4234091,trans
rs7246264,cis
rs8106959,cis
rs1405655,cis
rs3752237,cis
rs17159840,cis
rs4803848,trans
rs2285515,cis
rs4803481,cis
rs12463169,trans
rs649216,cis
rs2305802,trans
rs2356400,trans
rs1264226,cis
rs807491,cis
rs4284750,cis
rs10500316,cis
rs4805021,trans
rs3859532,cis
rs2967636,trans
rs765044,trans
rs1131620,trans
rs10403312,trans
rs6603134,trans
rs12982353,cis
rs7245800,trans
rs1633921,cis
rs9305048,cis
rs2892233,trans
rs338585,trans
rs1548475,trans
rs11673260,trans
rs1075728,cis
rs12975066,trans
rs2353203,trans
rs11085829,trans
rs4798075,cis
rs726145,trans
rs12454561,trans
rs674608,trans
rs4890648,trans
rs11660982,trans
rs2051344,cis
rs924943,trans
rs1122762,trans
rs6505780,cis
rs4939558,trans
rs8092433,cis
rs1942719,trans
rs1463965,trans
rs6567288,trans
rs1293455,trans
rs177820,trans
rs872311,trans
rs6566669,trans
rs2279474,trans
rs17780195,trans
rs7216490,cis
rs9455,cis
rs9900173,cis
rs12450521,cis
rs400688,cis
rs218671,trans
rs8079215,cis
rs3760489,cis
rs2279308,cis
rs11150847,cis
rs898095,cis
rs9905940,trans
rs9907897,cis
rs12947580,trans
rs1533031,cis
rs11557467,cis
rs4793445,trans
rs949805,trans
rs238230,cis
rs8068856,cis
rs4792199,trans
rs11080134,trans
rs4969205,trans
rs11078523,trans
rs968726,trans
rs8071611,trans
rs740441,trans
rs11639998,trans
rs8044524,trans
rs8051751,trans
rs8058318,trans
rs12596791,trans
rs7189819,cis
rs1420537,trans
rs12599264,trans
rs7204270,cis
rs4889214,trans
rs1401202,trans
rs8192935,cis
rs352935,cis
rs2188355,cis
rs12444224,trans
rs1560104,trans
rs2896940,trans
rs9931702,cis
rs3809624,cis
rs8058066,trans
rs2110603,trans
rs1554999,cis
rs2109029,trans
rs1860563,trans
rs7198646,trans
rs7204135,trans
rs429790,trans
rs7192613,trans
rs6564769,trans
rs555812,trans
rs725613,trans
rs7188668,trans
rs11073891,cis
rs17648036,trans
rs12232308,trans
rs12914603,trans
rs7178375,cis
rs3935344,trans
rs7495797,trans
rs4984440,trans
rs1520429,trans
rs355391,trans
rs11247226,cis
rs8035259,trans
rs1552032,trans
rs3007033,cis
rs2655991,cis
rs12435486,trans
rs7152284,trans
rs4073164,trans
rs1147447,trans
rs7157055,trans
rs4900928,cis
rs4899635,trans
rs17112712,trans
rs227402,trans
rs9322855,cis
rs12431896,cis
rs2614467,trans
rs3825569,trans
rs1950857,trans
rs11628398,cis
rs861544,trans
rs12147460,trans
rs2353567,trans
rs8019823,trans
rs10134030,trans
rs8014956,trans
rs4982958,trans
rs4983382,cis
rs9521666,trans
rs12429804,trans
rs9596457,trans
rs7983718,trans
rs674754,cis
rs9554833,trans
rs1164596,trans
rs4349034,trans
rs4145072,trans
rs591967,trans
rs1278760,trans
rs1375719,trans
rs2221406,trans
rs7322768,trans
rs1254086,trans
rs1889083,trans
rs7989895,trans
rs6492807,trans
rs1547574,trans
rs9575097,trans
rs2168029,cis
rs2707210,cis
rs12580388,trans
rs935251,cis
rs4765451,trans
rs3782567,cis
rs7134595,cis
rs757355,trans
rs11169335,cis
rs10862975,trans
rs7299749,trans
rs11613438,cis
rs3782908,cis
rs11053043,trans
rs1519956,trans
rs10444467,trans
rs13311,cis
rs2272500,trans
rs17615703,cis
rs871257,trans
rs10879131,trans
rs7316716,trans
rs6539014,cis
rs11063498,trans
rs7312252,cis
rs7305054,cis
rs12423255,trans
rs662739,trans
rs11057383,trans
rs12363827,trans
rs4937097,trans
rs4573661,trans
rs227064,cis
rs684856,cis
rs4922579,cis
rs5017351,trans
rs10894861,trans
rs1107764,trans
rs1940400,trans
rs367035,cis
rs1805,cis
rs216495,trans
rs12800998,cis
rs3862607,trans
rs17129799,trans
rs17818702,trans
rs2855039,cis
rs2568061,cis
rs12362253,trans
rs1912136,trans
rs10838191,trans
rs11605822,trans
rs10838738,trans
rs1793823,trans
rs2634462,cis
rs631562,trans
rs493642,cis
rs7930237,cis
rs2375269,trans
rs7108734,trans
rs2457684,cis
rs694739,cis
rs1939875,trans
rs682334,trans
rs750801,trans
rs12412964,trans
rs902634,trans
rs17469061,trans
rs7082031,trans
rs187076,trans
rs7474890,trans
rs2611512,cis
rs10906857,cis
rs11257679,trans
rs2395095,cis
rs7088558,trans
rs12248673,trans
rs12765847,trans
rs10802822,trans
rs1891432,cis
rs10488630,cis
rs2519515,trans
rs2267952,cis
rs7718088,trans
rs705837,cis
rs7658240,cis
rs883349,cis
rs13069559,cis
rs842647,cis
rs12120009,cis
rs684040,trans
rs2526698,trans
rs3889129,cis
rs7837237,cis
rs700276,trans
rs7810884,trans
rs6455553,trans
rs722269,cis
rs7701916,trans
rs4862705,trans
rs1517297,trans
rs1455268,trans
rs1004564,trans
rs4553956,trans
rs7571561,trans
rs1619856,trans
rs2786014,trans
rs11770192,cis
rs3779589,cis
rs1883613,cis
rs2032447,cis
rs835223,cis
rs6826085,cis
rs11725347,trans
rs1553985,cis
rs6414306,trans
rs7566044,cis
rs1254900,trans
rs12065581,cis
rs13214069,cis
rs10020773,cis
rs1177303,cis
rs2769689,trans
rs1543675,trans
rs2257182,cis
rs4700810,cis
rs12650909,trans
rs1354034,trans
rs2731939,trans
rs2641772,trans
rs4684443,trans
rs750783,cis
rs4672884,cis
rs7605821,trans
rs2203733,trans
rs7695,cis
rs784600,trans
rs10802643,trans
rs6778963,cis
rs6414283,cis
rs11691600,cis
rs2161037,cis
rs1531133,cis
rs301819,cis
rs13079208,cis
rs1264894,cis
rs4735900,cis
rs1883617,cis
rs2378341,trans
rs6518754,cis
rs9983949,trans
rs1198819,trans
rs4853333,trans
rs8101804,cis
rs4891884,trans
rs2290560,cis
rs4783126,trans
rs6497007,trans
rs10498313,trans
rs7328733,cis
rs7305307,cis
rs11107847,cis
rs9804943,trans
rs7128352,cis
rs954627,trans
rs2065841,trans
rs1294338,trans
rs11206043,cis
rs10888267,trans
rs17455517,cis
rs4732890,cis
rs245884,cis
rs1472075,trans
rs4973801,trans
rs11701058,cis
rs8130120,trans
rs3761385,cis
rs11701361,cis
rs6060034,cis
rs958127,trans
rs1182968,cis
rs7201194,trans
rs3785354,cis
rs7185362,trans
rs2287197,cis
rs11160227,trans
rs901964,trans
rs998639,cis
rs424299,trans
rs7923609,cis
rs7512594,trans
rs1320993,cis
rs2819365,cis
rs3118663,cis
rs966396,cis
rs2660665,trans
rs2873420,trans
rs2242601,cis
rs2950520,cis
rs10255470,trans
rs9295415,cis
rs2395803,cis
rs1473927,trans
rs939294,trans
rs6842739,trans
rs4696726,trans
rs7622580,trans
rs11677815,trans
rs933994,cis
rs4328531,trans
rs4789981,trans
rs9576388,trans
rs838875,trans
rs4758001,cis
rs4654783,cis
rs10925747,trans
rs4973397,cis
rs7591849,trans
rs6588415,cis
rs12744386,cis
rs10819626,trans
rs930280,trans
rs914737,trans
rs1023095,trans
rs1843357,trans
rs7800935,trans
rs2539000,trans
rs1375714,trans
rs6926382,trans
rs831486,cis
rs596183,trans
rs10059004,trans
rs2731711,trans
rs11739594,trans
rs2421050,trans
rs7694997,trans
rs2351458,trans
rs6419960,trans
rs963354,trans
rs10937361,trans
rs13067700,trans
rs10179572,trans
rs6718480,trans
rs7577137,trans
rs17036504,trans
rs13406184,cis
rs2276470,cis
rs17763599,trans
rs7254601,cis
rs873870,cis
rs4552100,trans
rs1557335,trans
rs714789,trans
rs4968328,trans
rs7213338,trans
rs12921440,trans
rs9302752,cis
rs169130,trans
rs4774580,cis
rs1048166,cis
rs856638,trans
rs17719594,trans
rs1263806,trans
rs9509428,trans
rs788178,trans
rs3007765,trans
rs7336017,trans
rs7313362,trans
rs1401098,trans
rs3741981,cis
rs4963126,cis
rs471728,trans
rs7951628,trans
rs541207,cis
rs7895870,trans
rs10508289,trans
rs10882406,trans
rs1393299,trans
rs914940,trans
rs2737422,trans
rs12115088,cis
rs2523404,cis
rs2619046,trans
rs176382,cis
rs286595,cis
rs13132719,trans
rs1125539,trans
rs1522374,cis
rs4890876,cis
rs7213057,cis
rs175450,cis
rs11032695,cis
rs2460002,cis
rs2197210,trans
rs4732202,trans
rs1343244,trans
rs11749727,trans
rs11706900,trans
rs9834627,trans
rs11720112,trans
rs1553474,trans
rs7225546,trans
rs12602462,cis
rs9892064,cis
rs11655031,cis
rs7405659,cis
rs12591171,trans
rs4965745,trans
rs2684789,trans
rs1269096,trans
rs1950646,trans
rs7981190,cis
rs4884857,trans
rs10902506,trans
rs11169322,cis
rs2197777,trans
rs11036212,trans
rs16912979,cis
rs4471434,trans
rs10748526,cis
rs4147592,cis
rs928046,cis
rs1127152,cis
rs1362032,trans
rs13217993,cis
rs1015111,trans
rs1473017,trans
rs696221,cis
rs4849261,cis
rs772788,trans
rs2965817,cis
rs10492793,cis
rs11649236,cis
rs344363,cis
rs13332406,cis
rs1863464,trans
rs2197465,trans
rs4759890,trans
rs4760636,cis
rs7960552,cis
rs7313235,cis
rs17512962,cis
rs2863095,cis
rs3823523,trans
rs6846031,trans
rs1566972,cis
rs11156875,cis
rs12431444,trans
rs4329748,cis
rs214097,cis
rs1278387,trans
rs10911353,cis
rs6687605,cis
rs17495030,trans
rs10972462,trans
rs17685,cis
rs1502991,trans
rs7192,cis
rs4866516,trans
rs4833241,trans
rs13079012,cis
rs6445340,trans
rs3811188,cis
rs7324365,trans
rs7324744,cis
rs11600990,cis
rs1317149,cis
rs2049805,cis
rs9787151,trans
rs10754644,trans
rs1096699,cis
rs6857876,trans
rs7619193,cis
rs727905,cis
rs7577293,cis
rs2695290,cis
rs3916581,cis
rs485485,cis
rs1000620,cis
rs7124681,cis
rs4149226,cis
rs4846085,cis
rs3754446,cis
rs11101992,cis
rs2253135,trans
rs4740848,trans
rs10120023,cis
rs2769594,trans
rs17686635,trans
rs1808634,trans
rs11981725,trans
rs849341,cis
rs2872008,trans
rs2395771,cis
rs13207114,cis
rs1047944,trans
rs897511,trans
rs9827054,trans
rs2072133,cis
rs12427378,cis
rs867578,trans
rs4532958,trans
rs3903088,trans
rs7042042,cis
rs4077515,cis
rs4744894,trans
rs7004947,trans
rs11166957,trans
rs1005901,cis
rs13269963,cis
rs17725246,cis
rs3110874,trans
rs11771552,trans
rs620607,trans
rs6863172,cis
rs12503379,trans
rs6553184,trans
rs11715581,cis
rs6771703,cis
rs3772054,trans
rs6486334,cis
rs10736812,cis
rs556895,cis
rs12784396,cis
rs7079264,trans
rs12771349,trans
rs4072037,cis
rs1341899,trans
rs12042181,trans
rs6700168,cis
rs831489,cis
rs750495,cis
rs12188164,cis
rs2547996,trans
rs12490878,trans
rs10824092,cis
rs3738725,cis
rs1264898,cis
rs10900520,cis
